
> meroshare@1.0.0 watch-sheets
> npx ts-node --compiler-options '{"module":"commonjs","esModuleInterop":true}' syncService.ts

◇ injected env (7) from .env // tip: ⌁ auth for agents [www.vestauth.com]
◇ injected env (0) from .env // tip: ◈ encrypted .env [www.dotenvx.com]
◇ injected env (0) from .env // tip: ⌘ enable debugging { debug: true }
/home/yogen/Desktop/workspace/playwrite/meroshare/node_modules/ts-node/src/index.ts:859
    return new TSError(diagnosticText, diagnosticCodes, diagnostics);
           ^
TSError: ⨯ Unable to compile TypeScript:
nepseScraper.ts(81,88): error TS2339: Property 'message' does not exist on type '{}'.
nepseScraper.ts(133,14): error TS2339: Property 'message' does not exist on type '{}'.

    at createTSError (/home/yogen/Desktop/workspace/playwrite/meroshare/node_modules/ts-node/src/index.ts:859:12)
    at reportTSError (/home/yogen/Desktop/workspace/playwrite/meroshare/node_modules/ts-node/src/index.ts:863:19)
    at getOutput (/home/yogen/Desktop/workspace/playwrite/meroshare/node_modules/ts-node/src/index.ts:1077:36)
    at Object.compile (/home/yogen/Desktop/workspace/playwrite/meroshare/node_modules/ts-node/src/index.ts:1433:41)
    at Module.m._compile (/home/yogen/Desktop/workspace/playwrite/meroshare/node_modules/ts-node/src/index.ts:1617:30)
    at node:internal/modules/cjs/loader:1839:10
    at Object.require.extensions.<computed> [as .ts] (/home/yogen/Desktop/workspace/playwrite/meroshare/node_modules/ts-node/src/index.ts:1621:12)
    at Module.load (node:internal/modules/cjs/loader:1441:32)
    at Function._load (node:internal/modules/cjs/loader:1263:12)
    at TracingChannel.traceSync (node:diagnostics_channel:328:14) {
  diagnosticCodes: [ 2339, 2339 ]
}

> meroshare@1.0.0 watch-sheets
> npx ts-node --compiler-options '{"module":"commonjs","esModuleInterop":true}' syncService.ts

◇ injected env (7) from .env // tip: ⌁ auth for agents [www.vestauth.com]
◇ injected env (0) from .env // tip: ⌘ multiple files { path: ['.env.local', '.env'] }
◇ injected env (0) from .env // tip: ⌘ enable debugging { debug: true }
/home/yogen/Desktop/workspace/playwrite/meroshare/node_modules/ts-node/src/index.ts:859
    return new TSError(diagnosticText, diagnosticCodes, diagnostics);
           ^
TSError: ⨯ Unable to compile TypeScript:
nepseScraper.ts(81,88): error TS2339: Property 'message' does not exist on type '{}'.
nepseScraper.ts(133,14): error TS2339: Property 'message' does not exist on type '{}'.

    at createTSError (/home/yogen/Desktop/workspace/playwrite/meroshare/node_modules/ts-node/src/index.ts:859:12)
    at reportTSError (/home/yogen/Desktop/workspace/playwrite/meroshare/node_modules/ts-node/src/index.ts:863:19)
    at getOutput (/home/yogen/Desktop/workspace/playwrite/meroshare/node_modules/ts-node/src/index.ts:1077:36)
    at Object.compile (/home/yogen/Desktop/workspace/playwrite/meroshare/node_modules/ts-node/src/index.ts:1433:41)
    at Module.m._compile (/home/yogen/Desktop/workspace/playwrite/meroshare/node_modules/ts-node/src/index.ts:1617:30)
    at node:internal/modules/cjs/loader:1839:10
    at Object.require.extensions.<computed> [as .ts] (/home/yogen/Desktop/workspace/playwrite/meroshare/node_modules/ts-node/src/index.ts:1621:12)
    at Module.load (node:internal/modules/cjs/loader:1441:32)
    at Function._load (node:internal/modules/cjs/loader:1263:12)
    at TracingChannel.traceSync (node:diagnostics_channel:328:14) {
  diagnosticCodes: [ 2339, 2339 ]
}

> meroshare@1.0.0 watch-sheets
> npx ts-node --compiler-options '{"module":"commonjs","esModuleInterop":true}' syncService.ts

◇ injected env (7) from .env // tip: ⌘ override existing { override: true }
◇ injected env (0) from .env // tip: ◈ encrypted .env [www.dotenvx.com]
◇ injected env (0) from .env // tip: ◈ encrypted .env [www.dotenvx.com]
/home/yogen/Desktop/workspace/playwrite/meroshare/node_modules/ts-node/src/index.ts:859
    return new TSError(diagnosticText, diagnosticCodes, diagnostics);
           ^
TSError: ⨯ Unable to compile TypeScript:
nepseScraper.ts(81,88): error TS2339: Property 'message' does not exist on type '{}'.
nepseScraper.ts(133,14): error TS2339: Property 'message' does not exist on type '{}'.

    at createTSError (/home/yogen/Desktop/workspace/playwrite/meroshare/node_modules/ts-node/src/index.ts:859:12)
    at reportTSError (/home/yogen/Desktop/workspace/playwrite/meroshare/node_modules/ts-node/src/index.ts:863:19)
    at getOutput (/home/yogen/Desktop/workspace/playwrite/meroshare/node_modules/ts-node/src/index.ts:1077:36)
    at Object.compile (/home/yogen/Desktop/workspace/playwrite/meroshare/node_modules/ts-node/src/index.ts:1433:41)
    at Module.m._compile (/home/yogen/Desktop/workspace/playwrite/meroshare/node_modules/ts-node/src/index.ts:1617:30)
    at node:internal/modules/cjs/loader:1839:10
    at Object.require.extensions.<computed> [as .ts] (/home/yogen/Desktop/workspace/playwrite/meroshare/node_modules/ts-node/src/index.ts:1621:12)
    at Module.load (node:internal/modules/cjs/loader:1441:32)
    at Function._load (node:internal/modules/cjs/loader:1263:12)
    at TracingChannel.traceSync (node:diagnostics_channel:328:14) {
  diagnosticCodes: [ 2339, 2339 ]
}

> meroshare@1.0.0 watch-sheets
> npx ts-node --compiler-options '{"module":"commonjs","esModuleInterop":true}' syncService.ts

◇ injected env (7) from .env // tip: ⌁ auth for agents [www.vestauth.com]
◇ injected env (0) from .env // tip: ⌘ enable debugging { debug: true }
◇ injected env (0) from .env // tip: ⌘ multiple files { path: ['.env.local', '.env'] }
/home/yogen/Desktop/workspace/playwrite/meroshare/node_modules/ts-node/src/index.ts:859
    return new TSError(diagnosticText, diagnosticCodes, diagnostics);
           ^
TSError: ⨯ Unable to compile TypeScript:
nepseScraper.ts(81,88): error TS2339: Property 'message' does not exist on type '{}'.
nepseScraper.ts(133,14): error TS2339: Property 'message' does not exist on type '{}'.

    at createTSError (/home/yogen/Desktop/workspace/playwrite/meroshare/node_modules/ts-node/src/index.ts:859:12)
    at reportTSError (/home/yogen/Desktop/workspace/playwrite/meroshare/node_modules/ts-node/src/index.ts:863:19)
    at getOutput (/home/yogen/Desktop/workspace/playwrite/meroshare/node_modules/ts-node/src/index.ts:1077:36)
    at Object.compile (/home/yogen/Desktop/workspace/playwrite/meroshare/node_modules/ts-node/src/index.ts:1433:41)
    at Module.m._compile (/home/yogen/Desktop/workspace/playwrite/meroshare/node_modules/ts-node/src/index.ts:1617:30)
    at node:internal/modules/cjs/loader:1839:10
    at Object.require.extensions.<computed> [as .ts] (/home/yogen/Desktop/workspace/playwrite/meroshare/node_modules/ts-node/src/index.ts:1621:12)
    at Module.load (node:internal/modules/cjs/loader:1441:32)
    at Function._load (node:internal/modules/cjs/loader:1263:12)
    at TracingChannel.traceSync (node:diagnostics_channel:328:14) {
  diagnosticCodes: [ 2339, 2339 ]
}

> meroshare@1.0.0 watch-sheets
> npx ts-node --compiler-options '{"module":"commonjs","esModuleInterop":true}' syncService.ts

◇ injected env (7) from .env // tip: ⌘ suppress logs { quiet: true }
◇ injected env (0) from .env // tip: ⌘ custom filepath { path: '/custom/path/.env' }
◇ injected env (0) from .env // tip: ⌘ multiple files { path: ['.env.local', '.env'] }
/home/yogen/Desktop/workspace/playwrite/meroshare/node_modules/ts-node/src/index.ts:859
    return new TSError(diagnosticText, diagnosticCodes, diagnostics);
           ^
TSError: ⨯ Unable to compile TypeScript:
nepseScraper.ts(81,88): error TS2339: Property 'message' does not exist on type '{}'.
nepseScraper.ts(133,14): error TS2339: Property 'message' does not exist on type '{}'.

    at createTSError (/home/yogen/Desktop/workspace/playwrite/meroshare/node_modules/ts-node/src/index.ts:859:12)
    at reportTSError (/home/yogen/Desktop/workspace/playwrite/meroshare/node_modules/ts-node/src/index.ts:863:19)
    at getOutput (/home/yogen/Desktop/workspace/playwrite/meroshare/node_modules/ts-node/src/index.ts:1077:36)
    at Object.compile (/home/yogen/Desktop/workspace/playwrite/meroshare/node_modules/ts-node/src/index.ts:1433:41)
    at Module.m._compile (/home/yogen/Desktop/workspace/playwrite/meroshare/node_modules/ts-node/src/index.ts:1617:30)
    at node:internal/modules/cjs/loader:1839:10
    at Object.require.extensions.<computed> [as .ts] (/home/yogen/Desktop/workspace/playwrite/meroshare/node_modules/ts-node/src/index.ts:1621:12)
    at Module.load (node:internal/modules/cjs/loader:1441:32)
    at Function._load (node:internal/modules/cjs/loader:1263:12)
    at TracingChannel.traceSync (node:diagnostics_channel:328:14) {
  diagnosticCodes: [ 2339, 2339 ]
}

> meroshare@1.0.0 watch-sheets
> npx ts-node --compiler-options '{"module":"commonjs","esModuleInterop":true}' syncService.ts

◇ injected env (7) from .env // tip: ⌘ enable debugging { debug: true }
◇ injected env (0) from .env // tip: ⌘ override existing { override: true }
◇ injected env (0) from .env // tip: ⌁ auth for agents [www.vestauth.com]
/home/yogen/Desktop/workspace/playwrite/meroshare/node_modules/ts-node/src/index.ts:859
    return new TSError(diagnosticText, diagnosticCodes, diagnostics);
           ^
TSError: ⨯ Unable to compile TypeScript:
nepseScraper.ts(81,88): error TS2339: Property 'message' does not exist on type '{}'.
nepseScraper.ts(133,14): error TS2339: Property 'message' does not exist on type '{}'.

    at createTSError (/home/yogen/Desktop/workspace/playwrite/meroshare/node_modules/ts-node/src/index.ts:859:12)
    at reportTSError (/home/yogen/Desktop/workspace/playwrite/meroshare/node_modules/ts-node/src/index.ts:863:19)
    at getOutput (/home/yogen/Desktop/workspace/playwrite/meroshare/node_modules/ts-node/src/index.ts:1077:36)
    at Object.compile (/home/yogen/Desktop/workspace/playwrite/meroshare/node_modules/ts-node/src/index.ts:1433:41)
    at Module.m._compile (/home/yogen/Desktop/workspace/playwrite/meroshare/node_modules/ts-node/src/index.ts:1617:30)
    at node:internal/modules/cjs/loader:1839:10
    at Object.require.extensions.<computed> [as .ts] (/home/yogen/Desktop/workspace/playwrite/meroshare/node_modules/ts-node/src/index.ts:1621:12)
    at Module.load (node:internal/modules/cjs/loader:1441:32)
    at Function._load (node:internal/modules/cjs/loader:1263:12)
    at TracingChannel.traceSync (node:diagnostics_channel:328:14) {
  diagnosticCodes: [ 2339, 2339 ]
}

> meroshare@1.0.0 watch-sheets
> npx ts-node --compiler-options '{"module":"commonjs","esModuleInterop":true}' syncService.ts

◇ injected env (7) from .env // tip: ⌘ override existing { override: true }
◇ injected env (0) from .env // tip: ⌘ enable debugging { debug: true }
◇ injected env (0) from .env // tip: ◈ encrypted .env [www.dotenvx.com]
/home/yogen/Desktop/workspace/playwrite/meroshare/node_modules/ts-node/src/index.ts:859
    return new TSError(diagnosticText, diagnosticCodes, diagnostics);
           ^
TSError: ⨯ Unable to compile TypeScript:
nepseScraper.ts(81,88): error TS2339: Property 'message' does not exist on type '{}'.
nepseScraper.ts(133,14): error TS2339: Property 'message' does not exist on type '{}'.

    at createTSError (/home/yogen/Desktop/workspace/playwrite/meroshare/node_modules/ts-node/src/index.ts:859:12)
    at reportTSError (/home/yogen/Desktop/workspace/playwrite/meroshare/node_modules/ts-node/src/index.ts:863:19)
    at getOutput (/home/yogen/Desktop/workspace/playwrite/meroshare/node_modules/ts-node/src/index.ts:1077:36)
    at Object.compile (/home/yogen/Desktop/workspace/playwrite/meroshare/node_modules/ts-node/src/index.ts:1433:41)
    at Module.m._compile (/home/yogen/Desktop/workspace/playwrite/meroshare/node_modules/ts-node/src/index.ts:1617:30)
    at node:internal/modules/cjs/loader:1839:10
    at Object.require.extensions.<computed> [as .ts] (/home/yogen/Desktop/workspace/playwrite/meroshare/node_modules/ts-node/src/index.ts:1621:12)
    at Module.load (node:internal/modules/cjs/loader:1441:32)
    at Function._load (node:internal/modules/cjs/loader:1263:12)
    at TracingChannel.traceSync (node:diagnostics_channel:328:14) {
  diagnosticCodes: [ 2339, 2339 ]
}

> meroshare@1.0.0 watch-sheets
> npx ts-node --compiler-options '{"module":"commonjs","esModuleInterop":true}' syncService.ts

◇ injected env (7) from .env // tip: ⌁ auth for agents [www.vestauth.com]
◇ injected env (0) from .env // tip: ⌘ suppress logs { quiet: true }
◇ injected env (0) from .env // tip: ⌘ multiple files { path: ['.env.local', '.env'] }
/home/yogen/Desktop/workspace/playwrite/meroshare/node_modules/ts-node/src/index.ts:859
    return new TSError(diagnosticText, diagnosticCodes, diagnostics);
           ^
TSError: ⨯ Unable to compile TypeScript:
nepseScraper.ts(81,88): error TS2339: Property 'message' does not exist on type '{}'.
nepseScraper.ts(133,14): error TS2339: Property 'message' does not exist on type '{}'.

    at createTSError (/home/yogen/Desktop/workspace/playwrite/meroshare/node_modules/ts-node/src/index.ts:859:12)
    at reportTSError (/home/yogen/Desktop/workspace/playwrite/meroshare/node_modules/ts-node/src/index.ts:863:19)
    at getOutput (/home/yogen/Desktop/workspace/playwrite/meroshare/node_modules/ts-node/src/index.ts:1077:36)
    at Object.compile (/home/yogen/Desktop/workspace/playwrite/meroshare/node_modules/ts-node/src/index.ts:1433:41)
    at Module.m._compile (/home/yogen/Desktop/workspace/playwrite/meroshare/node_modules/ts-node/src/index.ts:1617:30)
    at node:internal/modules/cjs/loader:1839:10
    at Object.require.extensions.<computed> [as .ts] (/home/yogen/Desktop/workspace/playwrite/meroshare/node_modules/ts-node/src/index.ts:1621:12)
    at Module.load (node:internal/modules/cjs/loader:1441:32)
    at Function._load (node:internal/modules/cjs/loader:1263:12)
    at TracingChannel.traceSync (node:diagnostics_channel:328:14) {
  diagnosticCodes: [ 2339, 2339 ]
}

> meroshare@1.0.0 watch-sheets
> npx ts-node --compiler-options '{"module":"commonjs","esModuleInterop":true}' syncService.ts

◇ injected env (7) from .env // tip: ⌘ suppress logs { quiet: true }
◇ injected env (0) from .env // tip: ◈ secrets for agents [www.dotenvx.com]
◇ injected env (0) from .env // tip: ⌘ suppress logs { quiet: true }
/home/yogen/Desktop/workspace/playwrite/meroshare/node_modules/ts-node/src/index.ts:859
    return new TSError(diagnosticText, diagnosticCodes, diagnostics);
           ^
TSError: ⨯ Unable to compile TypeScript:
nepseScraper.ts(81,88): error TS2339: Property 'message' does not exist on type '{}'.
nepseScraper.ts(133,14): error TS2339: Property 'message' does not exist on type '{}'.

    at createTSError (/home/yogen/Desktop/workspace/playwrite/meroshare/node_modules/ts-node/src/index.ts:859:12)
    at reportTSError (/home/yogen/Desktop/workspace/playwrite/meroshare/node_modules/ts-node/src/index.ts:863:19)
    at getOutput (/home/yogen/Desktop/workspace/playwrite/meroshare/node_modules/ts-node/src/index.ts:1077:36)
    at Object.compile (/home/yogen/Desktop/workspace/playwrite/meroshare/node_modules/ts-node/src/index.ts:1433:41)
    at Module.m._compile (/home/yogen/Desktop/workspace/playwrite/meroshare/node_modules/ts-node/src/index.ts:1617:30)
    at node:internal/modules/cjs/loader:1839:10
    at Object.require.extensions.<computed> [as .ts] (/home/yogen/Desktop/workspace/playwrite/meroshare/node_modules/ts-node/src/index.ts:1621:12)
    at Module.load (node:internal/modules/cjs/loader:1441:32)
    at Function._load (node:internal/modules/cjs/loader:1263:12)
    at TracingChannel.traceSync (node:diagnostics_channel:328:14) {
  diagnosticCodes: [ 2339, 2339 ]
}

> meroshare@1.0.0 watch-sheets
> npx ts-node --compiler-options '{"module":"commonjs","esModuleInterop":true}' syncService.ts

◇ injected env (7) from .env // tip: ⌘ suppress logs { quiet: true }
◇ injected env (0) from .env // tip: ⌘ enable debugging { debug: true }
◇ injected env (0) from .env // tip: ⌘ suppress logs { quiet: true }
/home/yogen/Desktop/workspace/playwrite/meroshare/node_modules/ts-node/src/index.ts:859
    return new TSError(diagnosticText, diagnosticCodes, diagnostics);
           ^
TSError: ⨯ Unable to compile TypeScript:
nepseScraper.ts(81,88): error TS2339: Property 'message' does not exist on type '{}'.
nepseScraper.ts(133,14): error TS2339: Property 'message' does not exist on type '{}'.

    at createTSError (/home/yogen/Desktop/workspace/playwrite/meroshare/node_modules/ts-node/src/index.ts:859:12)
    at reportTSError (/home/yogen/Desktop/workspace/playwrite/meroshare/node_modules/ts-node/src/index.ts:863:19)
    at getOutput (/home/yogen/Desktop/workspace/playwrite/meroshare/node_modules/ts-node/src/index.ts:1077:36)
    at Object.compile (/home/yogen/Desktop/workspace/playwrite/meroshare/node_modules/ts-node/src/index.ts:1433:41)
    at Module.m._compile (/home/yogen/Desktop/workspace/playwrite/meroshare/node_modules/ts-node/src/index.ts:1617:30)
    at node:internal/modules/cjs/loader:1839:10
    at Object.require.extensions.<computed> [as .ts] (/home/yogen/Desktop/workspace/playwrite/meroshare/node_modules/ts-node/src/index.ts:1621:12)
    at Module.load (node:internal/modules/cjs/loader:1441:32)
    at Function._load (node:internal/modules/cjs/loader:1263:12)
    at TracingChannel.traceSync (node:diagnostics_channel:328:14) {
  diagnosticCodes: [ 2339, 2339 ]
}

> meroshare@1.0.0 watch-sheets
> npx ts-node --compiler-options '{"module":"commonjs","esModuleInterop":true}' syncService.ts

◇ injected env (7) from .env // tip: ⌁ auth for agents [www.vestauth.com]
◇ injected env (0) from .env // tip: ⌘ override existing { override: true }
◇ injected env (0) from .env // tip: ◈ secrets for agents [www.dotenvx.com]
/home/yogen/Desktop/workspace/playwrite/meroshare/node_modules/ts-node/src/index.ts:859
    return new TSError(diagnosticText, diagnosticCodes, diagnostics);
           ^
TSError: ⨯ Unable to compile TypeScript:
nepseScraper.ts(81,88): error TS2339: Property 'message' does not exist on type '{}'.
nepseScraper.ts(133,14): error TS2339: Property 'message' does not exist on type '{}'.

    at createTSError (/home/yogen/Desktop/workspace/playwrite/meroshare/node_modules/ts-node/src/index.ts:859:12)
    at reportTSError (/home/yogen/Desktop/workspace/playwrite/meroshare/node_modules/ts-node/src/index.ts:863:19)
    at getOutput (/home/yogen/Desktop/workspace/playwrite/meroshare/node_modules/ts-node/src/index.ts:1077:36)
    at Object.compile (/home/yogen/Desktop/workspace/playwrite/meroshare/node_modules/ts-node/src/index.ts:1433:41)
    at Module.m._compile (/home/yogen/Desktop/workspace/playwrite/meroshare/node_modules/ts-node/src/index.ts:1617:30)
    at node:internal/modules/cjs/loader:1839:10
    at Object.require.extensions.<computed> [as .ts] (/home/yogen/Desktop/workspace/playwrite/meroshare/node_modules/ts-node/src/index.ts:1621:12)
    at Module.load (node:internal/modules/cjs/loader:1441:32)
    at Function._load (node:internal/modules/cjs/loader:1263:12)
    at TracingChannel.traceSync (node:diagnostics_channel:328:14) {
  diagnosticCodes: [ 2339, 2339 ]
}

> meroshare@1.0.0 watch-sheets
> npx ts-node --compiler-options '{"module":"commonjs","esModuleInterop":true}' syncService.ts

◇ injected env (7) from .env // tip: ◈ secrets for agents [www.dotenvx.com]
◇ injected env (0) from .env // tip: ⌘ suppress logs { quiet: true }
◇ injected env (0) from .env // tip: ⌘ suppress logs { quiet: true }
/home/yogen/Desktop/workspace/playwrite/meroshare/node_modules/ts-node/src/index.ts:859
    return new TSError(diagnosticText, diagnosticCodes, diagnostics);
           ^
TSError: ⨯ Unable to compile TypeScript:
nepseScraper.ts(81,88): error TS2339: Property 'message' does not exist on type '{}'.
nepseScraper.ts(133,14): error TS2339: Property 'message' does not exist on type '{}'.

    at createTSError (/home/yogen/Desktop/workspace/playwrite/meroshare/node_modules/ts-node/src/index.ts:859:12)
    at reportTSError (/home/yogen/Desktop/workspace/playwrite/meroshare/node_modules/ts-node/src/index.ts:863:19)
    at getOutput (/home/yogen/Desktop/workspace/playwrite/meroshare/node_modules/ts-node/src/index.ts:1077:36)
    at Object.compile (/home/yogen/Desktop/workspace/playwrite/meroshare/node_modules/ts-node/src/index.ts:1433:41)
    at Module.m._compile (/home/yogen/Desktop/workspace/playwrite/meroshare/node_modules/ts-node/src/index.ts:1617:30)
    at node:internal/modules/cjs/loader:1839:10
    at Object.require.extensions.<computed> [as .ts] (/home/yogen/Desktop/workspace/playwrite/meroshare/node_modules/ts-node/src/index.ts:1621:12)
    at Module.load (node:internal/modules/cjs/loader:1441:32)
    at Function._load (node:internal/modules/cjs/loader:1263:12)
    at TracingChannel.traceSync (node:diagnostics_channel:328:14) {
  diagnosticCodes: [ 2339, 2339 ]
}

> meroshare@1.0.0 watch-sheets
> npx ts-node --compiler-options '{"module":"commonjs","esModuleInterop":true}' syncService.ts

◇ injected env (7) from .env // tip: ◈ secrets for agents [www.dotenvx.com]
◇ injected env (0) from .env // tip: ⌁ auth for agents [www.vestauth.com]
◇ injected env (0) from .env // tip: ◈ secrets for agents [www.dotenvx.com]
/home/yogen/Desktop/workspace/playwrite/meroshare/node_modules/ts-node/src/index.ts:859
    return new TSError(diagnosticText, diagnosticCodes, diagnostics);
           ^
TSError: ⨯ Unable to compile TypeScript:
nepseScraper.ts(81,88): error TS2339: Property 'message' does not exist on type '{}'.
nepseScraper.ts(133,14): error TS2339: Property 'message' does not exist on type '{}'.

    at createTSError (/home/yogen/Desktop/workspace/playwrite/meroshare/node_modules/ts-node/src/index.ts:859:12)
    at reportTSError (/home/yogen/Desktop/workspace/playwrite/meroshare/node_modules/ts-node/src/index.ts:863:19)
    at getOutput (/home/yogen/Desktop/workspace/playwrite/meroshare/node_modules/ts-node/src/index.ts:1077:36)
    at Object.compile (/home/yogen/Desktop/workspace/playwrite/meroshare/node_modules/ts-node/src/index.ts:1433:41)
    at Module.m._compile (/home/yogen/Desktop/workspace/playwrite/meroshare/node_modules/ts-node/src/index.ts:1617:30)
    at node:internal/modules/cjs/loader:1839:10
    at Object.require.extensions.<computed> [as .ts] (/home/yogen/Desktop/workspace/playwrite/meroshare/node_modules/ts-node/src/index.ts:1621:12)
    at Module.load (node:internal/modules/cjs/loader:1441:32)
    at Function._load (node:internal/modules/cjs/loader:1263:12)
    at TracingChannel.traceSync (node:diagnostics_channel:328:14) {
  diagnosticCodes: [ 2339, 2339 ]
}

> meroshare@1.0.0 watch-sheets
> npx ts-node --compiler-options '{"module":"commonjs","esModuleInterop":true}' syncService.ts

◇ injected env (7) from .env // tip: ◈ encrypted .env [www.dotenvx.com]
◇ injected env (0) from .env // tip: ◈ secrets for agents [www.dotenvx.com]
◇ injected env (0) from .env // tip: ◈ secrets for agents [www.dotenvx.com]
/home/yogen/Desktop/workspace/playwrite/meroshare/node_modules/ts-node/src/index.ts:859
    return new TSError(diagnosticText, diagnosticCodes, diagnostics);
           ^
TSError: ⨯ Unable to compile TypeScript:
nepseScraper.ts(81,88): error TS2339: Property 'message' does not exist on type '{}'.
nepseScraper.ts(133,14): error TS2339: Property 'message' does not exist on type '{}'.

    at createTSError (/home/yogen/Desktop/workspace/playwrite/meroshare/node_modules/ts-node/src/index.ts:859:12)
    at reportTSError (/home/yogen/Desktop/workspace/playwrite/meroshare/node_modules/ts-node/src/index.ts:863:19)
    at getOutput (/home/yogen/Desktop/workspace/playwrite/meroshare/node_modules/ts-node/src/index.ts:1077:36)
    at Object.compile (/home/yogen/Desktop/workspace/playwrite/meroshare/node_modules/ts-node/src/index.ts:1433:41)
    at Module.m._compile (/home/yogen/Desktop/workspace/playwrite/meroshare/node_modules/ts-node/src/index.ts:1617:30)
    at node:internal/modules/cjs/loader:1839:10
    at Object.require.extensions.<computed> [as .ts] (/home/yogen/Desktop/workspace/playwrite/meroshare/node_modules/ts-node/src/index.ts:1621:12)
    at Module.load (node:internal/modules/cjs/loader:1441:32)
    at Function._load (node:internal/modules/cjs/loader:1263:12)
    at TracingChannel.traceSync (node:diagnostics_channel:328:14) {
  diagnosticCodes: [ 2339, 2339 ]
}

> meroshare@1.0.0 watch-sheets
> npx ts-node --compiler-options '{"module":"commonjs","esModuleInterop":true}' syncService.ts

◇ injected env (7) from .env // tip: ⌘ enable debugging { debug: true }
◇ injected env (0) from .env // tip: ⌘ override existing { override: true }
◇ injected env (0) from .env // tip: ⌘ override existing { override: true }
/home/yogen/Desktop/workspace/playwrite/meroshare/node_modules/ts-node/src/index.ts:859
    return new TSError(diagnosticText, diagnosticCodes, diagnostics);
           ^
TSError: ⨯ Unable to compile TypeScript:
nepseScraper.ts(81,88): error TS2339: Property 'message' does not exist on type '{}'.
nepseScraper.ts(133,14): error TS2339: Property 'message' does not exist on type '{}'.

    at createTSError (/home/yogen/Desktop/workspace/playwrite/meroshare/node_modules/ts-node/src/index.ts:859:12)
    at reportTSError (/home/yogen/Desktop/workspace/playwrite/meroshare/node_modules/ts-node/src/index.ts:863:19)
    at getOutput (/home/yogen/Desktop/workspace/playwrite/meroshare/node_modules/ts-node/src/index.ts:1077:36)
    at Object.compile (/home/yogen/Desktop/workspace/playwrite/meroshare/node_modules/ts-node/src/index.ts:1433:41)
    at Module.m._compile (/home/yogen/Desktop/workspace/playwrite/meroshare/node_modules/ts-node/src/index.ts:1617:30)
    at node:internal/modules/cjs/loader:1839:10
    at Object.require.extensions.<computed> [as .ts] (/home/yogen/Desktop/workspace/playwrite/meroshare/node_modules/ts-node/src/index.ts:1621:12)
    at Module.load (node:internal/modules/cjs/loader:1441:32)
    at Function._load (node:internal/modules/cjs/loader:1263:12)
    at TracingChannel.traceSync (node:diagnostics_channel:328:14) {
  diagnosticCodes: [ 2339, 2339 ]
}

> meroshare@1.0.0 watch-sheets
> npx ts-node --compiler-options '{"module":"commonjs","esModuleInterop":true}' syncService.ts

◇ injected env (7) from .env // tip: ◈ secrets for agents [www.dotenvx.com]
◇ injected env (0) from .env // tip: ⌘ custom filepath { path: '/custom/path/.env' }
◇ injected env (0) from .env // tip: ⌘ custom filepath { path: '/custom/path/.env' }
/home/yogen/Desktop/workspace/playwrite/meroshare/node_modules/ts-node/src/index.ts:859
    return new TSError(diagnosticText, diagnosticCodes, diagnostics);
           ^
TSError: ⨯ Unable to compile TypeScript:
nepseScraper.ts(81,88): error TS2339: Property 'message' does not exist on type '{}'.
nepseScraper.ts(133,14): error TS2339: Property 'message' does not exist on type '{}'.

    at createTSError (/home/yogen/Desktop/workspace/playwrite/meroshare/node_modules/ts-node/src/index.ts:859:12)
    at reportTSError (/home/yogen/Desktop/workspace/playwrite/meroshare/node_modules/ts-node/src/index.ts:863:19)
    at getOutput (/home/yogen/Desktop/workspace/playwrite/meroshare/node_modules/ts-node/src/index.ts:1077:36)
    at Object.compile (/home/yogen/Desktop/workspace/playwrite/meroshare/node_modules/ts-node/src/index.ts:1433:41)
    at Module.m._compile (/home/yogen/Desktop/workspace/playwrite/meroshare/node_modules/ts-node/src/index.ts:1617:30)
    at node:internal/modules/cjs/loader:1839:10
    at Object.require.extensions.<computed> [as .ts] (/home/yogen/Desktop/workspace/playwrite/meroshare/node_modules/ts-node/src/index.ts:1621:12)
    at Module.load (node:internal/modules/cjs/loader:1441:32)
    at Function._load (node:internal/modules/cjs/loader:1263:12)
    at TracingChannel.traceSync (node:diagnostics_channel:328:14) {
  diagnosticCodes: [ 2339, 2339 ]
}

> meroshare@1.0.0 watch-sheets
> npx ts-node --compiler-options '{"module":"commonjs","esModuleInterop":true}' syncService.ts

◇ injected env (7) from .env // tip: ◈ secrets for agents [www.dotenvx.com]
◇ injected env (0) from .env // tip: ◈ encrypted .env [www.dotenvx.com]
◇ injected env (0) from .env // tip: ⌘ suppress logs { quiet: true }
/home/yogen/Desktop/workspace/playwrite/meroshare/node_modules/ts-node/src/index.ts:859
    return new TSError(diagnosticText, diagnosticCodes, diagnostics);
           ^
TSError: ⨯ Unable to compile TypeScript:
nepseScraper.ts(81,88): error TS2339: Property 'message' does not exist on type '{}'.
nepseScraper.ts(133,14): error TS2339: Property 'message' does not exist on type '{}'.

    at createTSError (/home/yogen/Desktop/workspace/playwrite/meroshare/node_modules/ts-node/src/index.ts:859:12)
    at reportTSError (/home/yogen/Desktop/workspace/playwrite/meroshare/node_modules/ts-node/src/index.ts:863:19)
    at getOutput (/home/yogen/Desktop/workspace/playwrite/meroshare/node_modules/ts-node/src/index.ts:1077:36)
    at Object.compile (/home/yogen/Desktop/workspace/playwrite/meroshare/node_modules/ts-node/src/index.ts:1433:41)
    at Module.m._compile (/home/yogen/Desktop/workspace/playwrite/meroshare/node_modules/ts-node/src/index.ts:1617:30)
    at node:internal/modules/cjs/loader:1839:10
    at Object.require.extensions.<computed> [as .ts] (/home/yogen/Desktop/workspace/playwrite/meroshare/node_modules/ts-node/src/index.ts:1621:12)
    at Module.load (node:internal/modules/cjs/loader:1441:32)
    at Function._load (node:internal/modules/cjs/loader:1263:12)
    at TracingChannel.traceSync (node:diagnostics_channel:328:14) {
  diagnosticCodes: [ 2339, 2339 ]
}

> meroshare@1.0.0 watch-sheets
> npx ts-node --compiler-options '{"module":"commonjs","esModuleInterop":true}' syncService.ts

◇ injected env (7) from .env // tip: ◈ secrets for agents [www.dotenvx.com]
◇ injected env (0) from .env // tip: ⌘ suppress logs { quiet: true }
◇ injected env (0) from .env // tip: ⌘ multiple files { path: ['.env.local', '.env'] }
/home/yogen/Desktop/workspace/playwrite/meroshare/node_modules/ts-node/src/index.ts:859
    return new TSError(diagnosticText, diagnosticCodes, diagnostics);
           ^
TSError: ⨯ Unable to compile TypeScript:
nepseScraper.ts(81,88): error TS2339: Property 'message' does not exist on type '{}'.
nepseScraper.ts(133,14): error TS2339: Property 'message' does not exist on type '{}'.

    at createTSError (/home/yogen/Desktop/workspace/playwrite/meroshare/node_modules/ts-node/src/index.ts:859:12)
    at reportTSError (/home/yogen/Desktop/workspace/playwrite/meroshare/node_modules/ts-node/src/index.ts:863:19)
    at getOutput (/home/yogen/Desktop/workspace/playwrite/meroshare/node_modules/ts-node/src/index.ts:1077:36)
    at Object.compile (/home/yogen/Desktop/workspace/playwrite/meroshare/node_modules/ts-node/src/index.ts:1433:41)
    at Module.m._compile (/home/yogen/Desktop/workspace/playwrite/meroshare/node_modules/ts-node/src/index.ts:1617:30)
    at node:internal/modules/cjs/loader:1839:10
    at Object.require.extensions.<computed> [as .ts] (/home/yogen/Desktop/workspace/playwrite/meroshare/node_modules/ts-node/src/index.ts:1621:12)
    at Module.load (node:internal/modules/cjs/loader:1441:32)
    at Function._load (node:internal/modules/cjs/loader:1263:12)
    at TracingChannel.traceSync (node:diagnostics_channel:328:14) {
  diagnosticCodes: [ 2339, 2339 ]
}

> meroshare@1.0.0 watch-sheets
> npx ts-node --compiler-options '{"module":"commonjs","esModuleInterop":true}' syncService.ts

◇ injected env (7) from .env // tip: ◈ secrets for agents [www.dotenvx.com]
◇ injected env (0) from .env // tip: ⌘ enable debugging { debug: true }
◇ injected env (0) from .env // tip: ⌘ override existing { override: true }
/home/yogen/Desktop/workspace/playwrite/meroshare/node_modules/ts-node/src/index.ts:859
    return new TSError(diagnosticText, diagnosticCodes, diagnostics);
           ^
TSError: ⨯ Unable to compile TypeScript:
nepseScraper.ts(81,88): error TS2339: Property 'message' does not exist on type '{}'.
nepseScraper.ts(133,14): error TS2339: Property 'message' does not exist on type '{}'.

    at createTSError (/home/yogen/Desktop/workspace/playwrite/meroshare/node_modules/ts-node/src/index.ts:859:12)
    at reportTSError (/home/yogen/Desktop/workspace/playwrite/meroshare/node_modules/ts-node/src/index.ts:863:19)
    at getOutput (/home/yogen/Desktop/workspace/playwrite/meroshare/node_modules/ts-node/src/index.ts:1077:36)
    at Object.compile (/home/yogen/Desktop/workspace/playwrite/meroshare/node_modules/ts-node/src/index.ts:1433:41)
    at Module.m._compile (/home/yogen/Desktop/workspace/playwrite/meroshare/node_modules/ts-node/src/index.ts:1617:30)
    at node:internal/modules/cjs/loader:1839:10
    at Object.require.extensions.<computed> [as .ts] (/home/yogen/Desktop/workspace/playwrite/meroshare/node_modules/ts-node/src/index.ts:1621:12)
    at Module.load (node:internal/modules/cjs/loader:1441:32)
    at Function._load (node:internal/modules/cjs/loader:1263:12)
    at TracingChannel.traceSync (node:diagnostics_channel:328:14) {
  diagnosticCodes: [ 2339, 2339 ]
}

> meroshare@1.0.0 watch-sheets
> npx ts-node --compiler-options '{"module":"commonjs","esModuleInterop":true}' syncService.ts

◇ injected env (7) from .env // tip: ⌘ multiple files { path: ['.env.local', '.env'] }
◇ injected env (0) from .env // tip: ◈ encrypted .env [www.dotenvx.com]
◇ injected env (0) from .env // tip: ◈ secrets for agents [www.dotenvx.com]
/home/yogen/Desktop/workspace/playwrite/meroshare/node_modules/ts-node/src/index.ts:859
    return new TSError(diagnosticText, diagnosticCodes, diagnostics);
           ^
TSError: ⨯ Unable to compile TypeScript:
nepseScraper.ts(81,88): error TS2339: Property 'message' does not exist on type '{}'.
nepseScraper.ts(133,14): error TS2339: Property 'message' does not exist on type '{}'.

    at createTSError (/home/yogen/Desktop/workspace/playwrite/meroshare/node_modules/ts-node/src/index.ts:859:12)
    at reportTSError (/home/yogen/Desktop/workspace/playwrite/meroshare/node_modules/ts-node/src/index.ts:863:19)
    at getOutput (/home/yogen/Desktop/workspace/playwrite/meroshare/node_modules/ts-node/src/index.ts:1077:36)
    at Object.compile (/home/yogen/Desktop/workspace/playwrite/meroshare/node_modules/ts-node/src/index.ts:1433:41)
    at Module.m._compile (/home/yogen/Desktop/workspace/playwrite/meroshare/node_modules/ts-node/src/index.ts:1617:30)
    at node:internal/modules/cjs/loader:1839:10
    at Object.require.extensions.<computed> [as .ts] (/home/yogen/Desktop/workspace/playwrite/meroshare/node_modules/ts-node/src/index.ts:1621:12)
    at Module.load (node:internal/modules/cjs/loader:1441:32)
    at Function._load (node:internal/modules/cjs/loader:1263:12)
    at TracingChannel.traceSync (node:diagnostics_channel:328:14) {
  diagnosticCodes: [ 2339, 2339 ]
}

> meroshare@1.0.0 watch-sheets
> npx ts-node --compiler-options '{"module":"commonjs","esModuleInterop":true}' syncService.ts

◇ injected env (7) from .env // tip: ⌁ auth for agents [www.vestauth.com]
◇ injected env (0) from .env // tip: ⌘ enable debugging { debug: true }
◇ injected env (0) from .env // tip: ⌘ multiple files { path: ['.env.local', '.env'] }
/home/yogen/Desktop/workspace/playwrite/meroshare/node_modules/ts-node/src/index.ts:859
    return new TSError(diagnosticText, diagnosticCodes, diagnostics);
           ^
TSError: ⨯ Unable to compile TypeScript:
nepseScraper.ts(81,88): error TS2339: Property 'message' does not exist on type '{}'.
nepseScraper.ts(133,14): error TS2339: Property 'message' does not exist on type '{}'.

    at createTSError (/home/yogen/Desktop/workspace/playwrite/meroshare/node_modules/ts-node/src/index.ts:859:12)
    at reportTSError (/home/yogen/Desktop/workspace/playwrite/meroshare/node_modules/ts-node/src/index.ts:863:19)
    at getOutput (/home/yogen/Desktop/workspace/playwrite/meroshare/node_modules/ts-node/src/index.ts:1077:36)
    at Object.compile (/home/yogen/Desktop/workspace/playwrite/meroshare/node_modules/ts-node/src/index.ts:1433:41)
    at Module.m._compile (/home/yogen/Desktop/workspace/playwrite/meroshare/node_modules/ts-node/src/index.ts:1617:30)
    at node:internal/modules/cjs/loader:1839:10
    at Object.require.extensions.<computed> [as .ts] (/home/yogen/Desktop/workspace/playwrite/meroshare/node_modules/ts-node/src/index.ts:1621:12)
    at Module.load (node:internal/modules/cjs/loader:1441:32)
    at Function._load (node:internal/modules/cjs/loader:1263:12)
    at TracingChannel.traceSync (node:diagnostics_channel:328:14) {
  diagnosticCodes: [ 2339, 2339 ]
}

> meroshare@1.0.0 watch-sheets
> npx ts-node --compiler-options '{"module":"commonjs","esModuleInterop":true}' syncService.ts

◇ injected env (7) from .env // tip: ⌘ suppress logs { quiet: true }
◇ injected env (0) from .env // tip: ⌘ multiple files { path: ['.env.local', '.env'] }
◇ injected env (0) from .env // tip: ⌘ suppress logs { quiet: true }
/home/yogen/Desktop/workspace/playwrite/meroshare/node_modules/ts-node/src/index.ts:859
    return new TSError(diagnosticText, diagnosticCodes, diagnostics);
           ^
TSError: ⨯ Unable to compile TypeScript:
nepseScraper.ts(81,88): error TS2339: Property 'message' does not exist on type '{}'.
nepseScraper.ts(133,14): error TS2339: Property 'message' does not exist on type '{}'.

    at createTSError (/home/yogen/Desktop/workspace/playwrite/meroshare/node_modules/ts-node/src/index.ts:859:12)
    at reportTSError (/home/yogen/Desktop/workspace/playwrite/meroshare/node_modules/ts-node/src/index.ts:863:19)
    at getOutput (/home/yogen/Desktop/workspace/playwrite/meroshare/node_modules/ts-node/src/index.ts:1077:36)
    at Object.compile (/home/yogen/Desktop/workspace/playwrite/meroshare/node_modules/ts-node/src/index.ts:1433:41)
    at Module.m._compile (/home/yogen/Desktop/workspace/playwrite/meroshare/node_modules/ts-node/src/index.ts:1617:30)
    at node:internal/modules/cjs/loader:1839:10
    at Object.require.extensions.<computed> [as .ts] (/home/yogen/Desktop/workspace/playwrite/meroshare/node_modules/ts-node/src/index.ts:1621:12)
    at Module.load (node:internal/modules/cjs/loader:1441:32)
    at Function._load (node:internal/modules/cjs/loader:1263:12)
    at TracingChannel.traceSync (node:diagnostics_channel:328:14) {
  diagnosticCodes: [ 2339, 2339 ]
}

> meroshare@1.0.0 watch-sheets
> npx ts-node --compiler-options '{"module":"commonjs","esModuleInterop":true}' syncService.ts

◇ injected env (7) from .env // tip: ⌘ multiple files { path: ['.env.local', '.env'] }
◇ injected env (0) from .env // tip: ⌘ custom filepath { path: '/custom/path/.env' }
◇ injected env (0) from .env // tip: ⌘ override existing { override: true }
/home/yogen/Desktop/workspace/playwrite/meroshare/node_modules/ts-node/src/index.ts:859
    return new TSError(diagnosticText, diagnosticCodes, diagnostics);
           ^
TSError: ⨯ Unable to compile TypeScript:
nepseScraper.ts(81,88): error TS2339: Property 'message' does not exist on type '{}'.
nepseScraper.ts(133,14): error TS2339: Property 'message' does not exist on type '{}'.

    at createTSError (/home/yogen/Desktop/workspace/playwrite/meroshare/node_modules/ts-node/src/index.ts:859:12)
    at reportTSError (/home/yogen/Desktop/workspace/playwrite/meroshare/node_modules/ts-node/src/index.ts:863:19)
    at getOutput (/home/yogen/Desktop/workspace/playwrite/meroshare/node_modules/ts-node/src/index.ts:1077:36)
    at Object.compile (/home/yogen/Desktop/workspace/playwrite/meroshare/node_modules/ts-node/src/index.ts:1433:41)
    at Module.m._compile (/home/yogen/Desktop/workspace/playwrite/meroshare/node_modules/ts-node/src/index.ts:1617:30)
    at node:internal/modules/cjs/loader:1839:10
    at Object.require.extensions.<computed> [as .ts] (/home/yogen/Desktop/workspace/playwrite/meroshare/node_modules/ts-node/src/index.ts:1621:12)
    at Module.load (node:internal/modules/cjs/loader:1441:32)
    at Function._load (node:internal/modules/cjs/loader:1263:12)
    at TracingChannel.traceSync (node:diagnostics_channel:328:14) {
  diagnosticCodes: [ 2339, 2339 ]
}

> meroshare@1.0.0 watch-sheets
> npx ts-node --compiler-options '{"module":"commonjs","esModuleInterop":true}' syncService.ts

◇ injected env (7) from .env // tip: ⌘ multiple files { path: ['.env.local', '.env'] }
◇ injected env (0) from .env // tip: ⌘ multiple files { path: ['.env.local', '.env'] }
◇ injected env (0) from .env // tip: ⌘ enable debugging { debug: true }
/home/yogen/Desktop/workspace/playwrite/meroshare/node_modules/ts-node/src/index.ts:859
    return new TSError(diagnosticText, diagnosticCodes, diagnostics);
           ^
TSError: ⨯ Unable to compile TypeScript:
nepseScraper.ts(81,88): error TS2339: Property 'message' does not exist on type '{}'.
nepseScraper.ts(133,14): error TS2339: Property 'message' does not exist on type '{}'.

    at createTSError (/home/yogen/Desktop/workspace/playwrite/meroshare/node_modules/ts-node/src/index.ts:859:12)
    at reportTSError (/home/yogen/Desktop/workspace/playwrite/meroshare/node_modules/ts-node/src/index.ts:863:19)
    at getOutput (/home/yogen/Desktop/workspace/playwrite/meroshare/node_modules/ts-node/src/index.ts:1077:36)
    at Object.compile (/home/yogen/Desktop/workspace/playwrite/meroshare/node_modules/ts-node/src/index.ts:1433:41)
    at Module.m._compile (/home/yogen/Desktop/workspace/playwrite/meroshare/node_modules/ts-node/src/index.ts:1617:30)
    at node:internal/modules/cjs/loader:1839:10
    at Object.require.extensions.<computed> [as .ts] (/home/yogen/Desktop/workspace/playwrite/meroshare/node_modules/ts-node/src/index.ts:1621:12)
    at Module.load (node:internal/modules/cjs/loader:1441:32)
    at Function._load (node:internal/modules/cjs/loader:1263:12)
    at TracingChannel.traceSync (node:diagnostics_channel:328:14) {
  diagnosticCodes: [ 2339, 2339 ]
}

> meroshare@1.0.0 watch-sheets
> npx ts-node --compiler-options '{"module":"commonjs","esModuleInterop":true}' syncService.ts

◇ injected env (7) from .env // tip: ◈ encrypted .env [www.dotenvx.com]
◇ injected env (0) from .env // tip: ◈ encrypted .env [www.dotenvx.com]
◇ injected env (0) from .env // tip: ⌘ enable debugging { debug: true }
/home/yogen/Desktop/workspace/playwrite/meroshare/node_modules/ts-node/src/index.ts:859
    return new TSError(diagnosticText, diagnosticCodes, diagnostics);
           ^
TSError: ⨯ Unable to compile TypeScript:
nepseScraper.ts(81,88): error TS2339: Property 'message' does not exist on type '{}'.
nepseScraper.ts(133,14): error TS2339: Property 'message' does not exist on type '{}'.

    at createTSError (/home/yogen/Desktop/workspace/playwrite/meroshare/node_modules/ts-node/src/index.ts:859:12)
    at reportTSError (/home/yogen/Desktop/workspace/playwrite/meroshare/node_modules/ts-node/src/index.ts:863:19)
    at getOutput (/home/yogen/Desktop/workspace/playwrite/meroshare/node_modules/ts-node/src/index.ts:1077:36)
    at Object.compile (/home/yogen/Desktop/workspace/playwrite/meroshare/node_modules/ts-node/src/index.ts:1433:41)
    at Module.m._compile (/home/yogen/Desktop/workspace/playwrite/meroshare/node_modules/ts-node/src/index.ts:1617:30)
    at node:internal/modules/cjs/loader:1839:10
    at Object.require.extensions.<computed> [as .ts] (/home/yogen/Desktop/workspace/playwrite/meroshare/node_modules/ts-node/src/index.ts:1621:12)
    at Module.load (node:internal/modules/cjs/loader:1441:32)
    at Function._load (node:internal/modules/cjs/loader:1263:12)
    at TracingChannel.traceSync (node:diagnostics_channel:328:14) {
  diagnosticCodes: [ 2339, 2339 ]
}

> meroshare@1.0.0 watch-sheets
> npx ts-node --compiler-options '{"module":"commonjs","esModuleInterop":true}' syncService.ts

◇ injected env (7) from .env // tip: ⌘ multiple files { path: ['.env.local', '.env'] }
◇ injected env (0) from .env // tip: ⌘ suppress logs { quiet: true }
◇ injected env (0) from .env // tip: ⌘ override existing { override: true }
/home/yogen/Desktop/workspace/playwrite/meroshare/node_modules/ts-node/src/index.ts:859
    return new TSError(diagnosticText, diagnosticCodes, diagnostics);
           ^
TSError: ⨯ Unable to compile TypeScript:
nepseScraper.ts(81,88): error TS2339: Property 'message' does not exist on type '{}'.
nepseScraper.ts(133,14): error TS2339: Property 'message' does not exist on type '{}'.

    at createTSError (/home/yogen/Desktop/workspace/playwrite/meroshare/node_modules/ts-node/src/index.ts:859:12)
    at reportTSError (/home/yogen/Desktop/workspace/playwrite/meroshare/node_modules/ts-node/src/index.ts:863:19)
    at getOutput (/home/yogen/Desktop/workspace/playwrite/meroshare/node_modules/ts-node/src/index.ts:1077:36)
    at Object.compile (/home/yogen/Desktop/workspace/playwrite/meroshare/node_modules/ts-node/src/index.ts:1433:41)
    at Module.m._compile (/home/yogen/Desktop/workspace/playwrite/meroshare/node_modules/ts-node/src/index.ts:1617:30)
    at node:internal/modules/cjs/loader:1839:10
    at Object.require.extensions.<computed> [as .ts] (/home/yogen/Desktop/workspace/playwrite/meroshare/node_modules/ts-node/src/index.ts:1621:12)
    at Module.load (node:internal/modules/cjs/loader:1441:32)
    at Function._load (node:internal/modules/cjs/loader:1263:12)
    at TracingChannel.traceSync (node:diagnostics_channel:328:14) {
  diagnosticCodes: [ 2339, 2339 ]
}

> meroshare@1.0.0 watch-sheets
> npx ts-node --compiler-options '{"module":"commonjs","esModuleInterop":true}' syncService.ts

◇ injected env (7) from .env // tip: ⌘ custom filepath { path: '/custom/path/.env' }
◇ injected env (0) from .env // tip: ⌘ enable debugging { debug: true }
◇ injected env (0) from .env // tip: ⌘ override existing { override: true }
/home/yogen/Desktop/workspace/playwrite/meroshare/node_modules/ts-node/src/index.ts:859
    return new TSError(diagnosticText, diagnosticCodes, diagnostics);
           ^
TSError: ⨯ Unable to compile TypeScript:
nepseScraper.ts(81,88): error TS2339: Property 'message' does not exist on type '{}'.
nepseScraper.ts(133,14): error TS2339: Property 'message' does not exist on type '{}'.

    at createTSError (/home/yogen/Desktop/workspace/playwrite/meroshare/node_modules/ts-node/src/index.ts:859:12)
    at reportTSError (/home/yogen/Desktop/workspace/playwrite/meroshare/node_modules/ts-node/src/index.ts:863:19)
    at getOutput (/home/yogen/Desktop/workspace/playwrite/meroshare/node_modules/ts-node/src/index.ts:1077:36)
    at Object.compile (/home/yogen/Desktop/workspace/playwrite/meroshare/node_modules/ts-node/src/index.ts:1433:41)
    at Module.m._compile (/home/yogen/Desktop/workspace/playwrite/meroshare/node_modules/ts-node/src/index.ts:1617:30)
    at node:internal/modules/cjs/loader:1839:10
    at Object.require.extensions.<computed> [as .ts] (/home/yogen/Desktop/workspace/playwrite/meroshare/node_modules/ts-node/src/index.ts:1621:12)
    at Module.load (node:internal/modules/cjs/loader:1441:32)
    at Function._load (node:internal/modules/cjs/loader:1263:12)
    at TracingChannel.traceSync (node:diagnostics_channel:328:14) {
  diagnosticCodes: [ 2339, 2339 ]
}

> meroshare@1.0.0 watch-sheets
> npx ts-node --compiler-options '{"module":"commonjs","esModuleInterop":true}' syncService.ts

◇ injected env (7) from .env // tip: ◈ secrets for agents [www.dotenvx.com]
◇ injected env (0) from .env // tip: ⌘ custom filepath { path: '/custom/path/.env' }
◇ injected env (0) from .env // tip: ⌘ suppress logs { quiet: true }
/home/yogen/Desktop/workspace/playwrite/meroshare/node_modules/ts-node/src/index.ts:859
    return new TSError(diagnosticText, diagnosticCodes, diagnostics);
           ^
TSError: ⨯ Unable to compile TypeScript:
nepseScraper.ts(81,88): error TS2339: Property 'message' does not exist on type '{}'.
nepseScraper.ts(133,14): error TS2339: Property 'message' does not exist on type '{}'.

    at createTSError (/home/yogen/Desktop/workspace/playwrite/meroshare/node_modules/ts-node/src/index.ts:859:12)
    at reportTSError (/home/yogen/Desktop/workspace/playwrite/meroshare/node_modules/ts-node/src/index.ts:863:19)
    at getOutput (/home/yogen/Desktop/workspace/playwrite/meroshare/node_modules/ts-node/src/index.ts:1077:36)
    at Object.compile (/home/yogen/Desktop/workspace/playwrite/meroshare/node_modules/ts-node/src/index.ts:1433:41)
    at Module.m._compile (/home/yogen/Desktop/workspace/playwrite/meroshare/node_modules/ts-node/src/index.ts:1617:30)
    at node:internal/modules/cjs/loader:1839:10
    at Object.require.extensions.<computed> [as .ts] (/home/yogen/Desktop/workspace/playwrite/meroshare/node_modules/ts-node/src/index.ts:1621:12)
    at Module.load (node:internal/modules/cjs/loader:1441:32)
    at Function._load (node:internal/modules/cjs/loader:1263:12)
    at TracingChannel.traceSync (node:diagnostics_channel:328:14) {
  diagnosticCodes: [ 2339, 2339 ]
}

> meroshare@1.0.0 watch-sheets
> npx ts-node --compiler-options '{"module":"commonjs","esModuleInterop":true}' syncService.ts

◇ injected env (7) from .env // tip: ⌘ custom filepath { path: '/custom/path/.env' }
◇ injected env (0) from .env // tip: ⌘ suppress logs { quiet: true }
◇ injected env (0) from .env // tip: ◈ encrypted .env [www.dotenvx.com]
/home/yogen/Desktop/workspace/playwrite/meroshare/node_modules/ts-node/src/index.ts:859
    return new TSError(diagnosticText, diagnosticCodes, diagnostics);
           ^
TSError: ⨯ Unable to compile TypeScript:
nepseScraper.ts(81,88): error TS2339: Property 'message' does not exist on type '{}'.
nepseScraper.ts(133,14): error TS2339: Property 'message' does not exist on type '{}'.

    at createTSError (/home/yogen/Desktop/workspace/playwrite/meroshare/node_modules/ts-node/src/index.ts:859:12)
    at reportTSError (/home/yogen/Desktop/workspace/playwrite/meroshare/node_modules/ts-node/src/index.ts:863:19)
    at getOutput (/home/yogen/Desktop/workspace/playwrite/meroshare/node_modules/ts-node/src/index.ts:1077:36)
    at Object.compile (/home/yogen/Desktop/workspace/playwrite/meroshare/node_modules/ts-node/src/index.ts:1433:41)
    at Module.m._compile (/home/yogen/Desktop/workspace/playwrite/meroshare/node_modules/ts-node/src/index.ts:1617:30)
    at node:internal/modules/cjs/loader:1839:10
    at Object.require.extensions.<computed> [as .ts] (/home/yogen/Desktop/workspace/playwrite/meroshare/node_modules/ts-node/src/index.ts:1621:12)
    at Module.load (node:internal/modules/cjs/loader:1441:32)
    at Function._load (node:internal/modules/cjs/loader:1263:12)
    at TracingChannel.traceSync (node:diagnostics_channel:328:14) {
  diagnosticCodes: [ 2339, 2339 ]
}

> meroshare@1.0.0 watch-sheets
> npx ts-node --compiler-options '{"module":"commonjs","esModuleInterop":true}' syncService.ts

◇ injected env (7) from .env // tip: ◈ encrypted .env [www.dotenvx.com]
◇ injected env (0) from .env // tip: ⌘ multiple files { path: ['.env.local', '.env'] }
◇ injected env (0) from .env // tip: ⌁ auth for agents [www.vestauth.com]
/home/yogen/Desktop/workspace/playwrite/meroshare/node_modules/ts-node/src/index.ts:859
    return new TSError(diagnosticText, diagnosticCodes, diagnostics);
           ^
TSError: ⨯ Unable to compile TypeScript:
nepseScraper.ts(81,88): error TS2339: Property 'message' does not exist on type '{}'.
nepseScraper.ts(133,14): error TS2339: Property 'message' does not exist on type '{}'.

    at createTSError (/home/yogen/Desktop/workspace/playwrite/meroshare/node_modules/ts-node/src/index.ts:859:12)
    at reportTSError (/home/yogen/Desktop/workspace/playwrite/meroshare/node_modules/ts-node/src/index.ts:863:19)
    at getOutput (/home/yogen/Desktop/workspace/playwrite/meroshare/node_modules/ts-node/src/index.ts:1077:36)
    at Object.compile (/home/yogen/Desktop/workspace/playwrite/meroshare/node_modules/ts-node/src/index.ts:1433:41)
    at Module.m._compile (/home/yogen/Desktop/workspace/playwrite/meroshare/node_modules/ts-node/src/index.ts:1617:30)
    at node:internal/modules/cjs/loader:1839:10
    at Object.require.extensions.<computed> [as .ts] (/home/yogen/Desktop/workspace/playwrite/meroshare/node_modules/ts-node/src/index.ts:1621:12)
    at Module.load (node:internal/modules/cjs/loader:1441:32)
    at Function._load (node:internal/modules/cjs/loader:1263:12)
    at TracingChannel.traceSync (node:diagnostics_channel:328:14) {
  diagnosticCodes: [ 2339, 2339 ]
}

> meroshare@1.0.0 watch-sheets
> npx ts-node --compiler-options '{"module":"commonjs","esModuleInterop":true}' syncService.ts

◇ injected env (7) from .env // tip: ⌘ custom filepath { path: '/custom/path/.env' }
◇ injected env (0) from .env // tip: ⌘ suppress logs { quiet: true }
◇ injected env (0) from .env // tip: ⌘ enable debugging { debug: true }
/home/yogen/Desktop/workspace/playwrite/meroshare/node_modules/ts-node/src/index.ts:859
    return new TSError(diagnosticText, diagnosticCodes, diagnostics);
           ^
TSError: ⨯ Unable to compile TypeScript:
nepseScraper.ts(81,88): error TS2339: Property 'message' does not exist on type '{}'.
nepseScraper.ts(133,14): error TS2339: Property 'message' does not exist on type '{}'.

    at createTSError (/home/yogen/Desktop/workspace/playwrite/meroshare/node_modules/ts-node/src/index.ts:859:12)
    at reportTSError (/home/yogen/Desktop/workspace/playwrite/meroshare/node_modules/ts-node/src/index.ts:863:19)
    at getOutput (/home/yogen/Desktop/workspace/playwrite/meroshare/node_modules/ts-node/src/index.ts:1077:36)
    at Object.compile (/home/yogen/Desktop/workspace/playwrite/meroshare/node_modules/ts-node/src/index.ts:1433:41)
    at Module.m._compile (/home/yogen/Desktop/workspace/playwrite/meroshare/node_modules/ts-node/src/index.ts:1617:30)
    at node:internal/modules/cjs/loader:1839:10
    at Object.require.extensions.<computed> [as .ts] (/home/yogen/Desktop/workspace/playwrite/meroshare/node_modules/ts-node/src/index.ts:1621:12)
    at Module.load (node:internal/modules/cjs/loader:1441:32)
    at Function._load (node:internal/modules/cjs/loader:1263:12)
    at TracingChannel.traceSync (node:diagnostics_channel:328:14) {
  diagnosticCodes: [ 2339, 2339 ]
}

> meroshare@1.0.0 watch-sheets
> npx ts-node --compiler-options '{"module":"commonjs","esModuleInterop":true}' syncService.ts

◇ injected env (7) from .env // tip: ⌘ override existing { override: true }
◇ injected env (0) from .env // tip: ⌘ multiple files { path: ['.env.local', '.env'] }
◇ injected env (0) from .env // tip: ◈ encrypted .env [www.dotenvx.com]
/home/yogen/Desktop/workspace/playwrite/meroshare/node_modules/ts-node/src/index.ts:859
    return new TSError(diagnosticText, diagnosticCodes, diagnostics);
           ^
TSError: ⨯ Unable to compile TypeScript:
nepseScraper.ts(81,88): error TS2339: Property 'message' does not exist on type '{}'.
nepseScraper.ts(133,14): error TS2339: Property 'message' does not exist on type '{}'.

    at createTSError (/home/yogen/Desktop/workspace/playwrite/meroshare/node_modules/ts-node/src/index.ts:859:12)
    at reportTSError (/home/yogen/Desktop/workspace/playwrite/meroshare/node_modules/ts-node/src/index.ts:863:19)
    at getOutput (/home/yogen/Desktop/workspace/playwrite/meroshare/node_modules/ts-node/src/index.ts:1077:36)
    at Object.compile (/home/yogen/Desktop/workspace/playwrite/meroshare/node_modules/ts-node/src/index.ts:1433:41)
    at Module.m._compile (/home/yogen/Desktop/workspace/playwrite/meroshare/node_modules/ts-node/src/index.ts:1617:30)
    at node:internal/modules/cjs/loader:1839:10
    at Object.require.extensions.<computed> [as .ts] (/home/yogen/Desktop/workspace/playwrite/meroshare/node_modules/ts-node/src/index.ts:1621:12)
    at Module.load (node:internal/modules/cjs/loader:1441:32)
    at Function._load (node:internal/modules/cjs/loader:1263:12)
    at TracingChannel.traceSync (node:diagnostics_channel:328:14) {
  diagnosticCodes: [ 2339, 2339 ]
}

> meroshare@1.0.0 watch-sheets
> npx ts-node --compiler-options '{"module":"commonjs","esModuleInterop":true}' syncService.ts

◇ injected env (7) from .env // tip: ⌘ enable debugging { debug: true }
◇ injected env (0) from .env // tip: ⌘ suppress logs { quiet: true }
◇ injected env (0) from .env // tip: ◈ encrypted .env [www.dotenvx.com]
/home/yogen/Desktop/workspace/playwrite/meroshare/node_modules/ts-node/src/index.ts:859
    return new TSError(diagnosticText, diagnosticCodes, diagnostics);
           ^
TSError: ⨯ Unable to compile TypeScript:
nepseScraper.ts(81,88): error TS2339: Property 'message' does not exist on type '{}'.
nepseScraper.ts(133,14): error TS2339: Property 'message' does not exist on type '{}'.

    at createTSError (/home/yogen/Desktop/workspace/playwrite/meroshare/node_modules/ts-node/src/index.ts:859:12)
    at reportTSError (/home/yogen/Desktop/workspace/playwrite/meroshare/node_modules/ts-node/src/index.ts:863:19)
    at getOutput (/home/yogen/Desktop/workspace/playwrite/meroshare/node_modules/ts-node/src/index.ts:1077:36)
    at Object.compile (/home/yogen/Desktop/workspace/playwrite/meroshare/node_modules/ts-node/src/index.ts:1433:41)
    at Module.m._compile (/home/yogen/Desktop/workspace/playwrite/meroshare/node_modules/ts-node/src/index.ts:1617:30)
    at node:internal/modules/cjs/loader:1839:10
    at Object.require.extensions.<computed> [as .ts] (/home/yogen/Desktop/workspace/playwrite/meroshare/node_modules/ts-node/src/index.ts:1621:12)
    at Module.load (node:internal/modules/cjs/loader:1441:32)
    at Function._load (node:internal/modules/cjs/loader:1263:12)
    at TracingChannel.traceSync (node:diagnostics_channel:328:14) {
  diagnosticCodes: [ 2339, 2339 ]
}

> meroshare@1.0.0 watch-sheets
> npx ts-node --compiler-options '{"module":"commonjs","esModuleInterop":true}' syncService.ts

◇ injected env (7) from .env // tip: ⌘ suppress logs { quiet: true }
◇ injected env (0) from .env // tip: ◈ encrypted .env [www.dotenvx.com]
◇ injected env (0) from .env // tip: ⌁ auth for agents [www.vestauth.com]
/home/yogen/Desktop/workspace/playwrite/meroshare/node_modules/ts-node/src/index.ts:859
    return new TSError(diagnosticText, diagnosticCodes, diagnostics);
           ^
TSError: ⨯ Unable to compile TypeScript:
nepseScraper.ts(81,88): error TS2339: Property 'message' does not exist on type '{}'.
nepseScraper.ts(133,14): error TS2339: Property 'message' does not exist on type '{}'.

    at createTSError (/home/yogen/Desktop/workspace/playwrite/meroshare/node_modules/ts-node/src/index.ts:859:12)
    at reportTSError (/home/yogen/Desktop/workspace/playwrite/meroshare/node_modules/ts-node/src/index.ts:863:19)
    at getOutput (/home/yogen/Desktop/workspace/playwrite/meroshare/node_modules/ts-node/src/index.ts:1077:36)
    at Object.compile (/home/yogen/Desktop/workspace/playwrite/meroshare/node_modules/ts-node/src/index.ts:1433:41)
    at Module.m._compile (/home/yogen/Desktop/workspace/playwrite/meroshare/node_modules/ts-node/src/index.ts:1617:30)
    at node:internal/modules/cjs/loader:1839:10
    at Object.require.extensions.<computed> [as .ts] (/home/yogen/Desktop/workspace/playwrite/meroshare/node_modules/ts-node/src/index.ts:1621:12)
    at Module.load (node:internal/modules/cjs/loader:1441:32)
    at Function._load (node:internal/modules/cjs/loader:1263:12)
    at TracingChannel.traceSync (node:diagnostics_channel:328:14) {
  diagnosticCodes: [ 2339, 2339 ]
}

> meroshare@1.0.0 watch-sheets
> npx ts-node --compiler-options '{"module":"commonjs","esModuleInterop":true}' syncService.ts

◇ injected env (7) from .env // tip: ⌁ auth for agents [www.vestauth.com]
◇ injected env (0) from .env // tip: ◈ secrets for agents [www.dotenvx.com]
◇ injected env (0) from .env // tip: ◈ secrets for agents [www.dotenvx.com]
/home/yogen/Desktop/workspace/playwrite/meroshare/node_modules/ts-node/src/index.ts:859
    return new TSError(diagnosticText, diagnosticCodes, diagnostics);
           ^
TSError: ⨯ Unable to compile TypeScript:
nepseScraper.ts(81,88): error TS2339: Property 'message' does not exist on type '{}'.
nepseScraper.ts(133,14): error TS2339: Property 'message' does not exist on type '{}'.

    at createTSError (/home/yogen/Desktop/workspace/playwrite/meroshare/node_modules/ts-node/src/index.ts:859:12)
    at reportTSError (/home/yogen/Desktop/workspace/playwrite/meroshare/node_modules/ts-node/src/index.ts:863:19)
    at getOutput (/home/yogen/Desktop/workspace/playwrite/meroshare/node_modules/ts-node/src/index.ts:1077:36)
    at Object.compile (/home/yogen/Desktop/workspace/playwrite/meroshare/node_modules/ts-node/src/index.ts:1433:41)
    at Module.m._compile (/home/yogen/Desktop/workspace/playwrite/meroshare/node_modules/ts-node/src/index.ts:1617:30)
    at node:internal/modules/cjs/loader:1839:10
    at Object.require.extensions.<computed> [as .ts] (/home/yogen/Desktop/workspace/playwrite/meroshare/node_modules/ts-node/src/index.ts:1621:12)
    at Module.load (node:internal/modules/cjs/loader:1441:32)
    at Function._load (node:internal/modules/cjs/loader:1263:12)
    at TracingChannel.traceSync (node:diagnostics_channel:328:14) {
  diagnosticCodes: [ 2339, 2339 ]
}

> meroshare@1.0.0 watch-sheets
> npx ts-node --compiler-options '{"module":"commonjs","esModuleInterop":true}' syncService.ts

◇ injected env (7) from .env // tip: ⌘ custom filepath { path: '/custom/path/.env' }
◇ injected env (0) from .env // tip: ⌘ suppress logs { quiet: true }
◇ injected env (0) from .env // tip: ⌘ custom filepath { path: '/custom/path/.env' }
/home/yogen/Desktop/workspace/playwrite/meroshare/node_modules/ts-node/src/index.ts:859
    return new TSError(diagnosticText, diagnosticCodes, diagnostics);
           ^
TSError: ⨯ Unable to compile TypeScript:
nepseScraper.ts(81,88): error TS2339: Property 'message' does not exist on type '{}'.
nepseScraper.ts(133,14): error TS2339: Property 'message' does not exist on type '{}'.

    at createTSError (/home/yogen/Desktop/workspace/playwrite/meroshare/node_modules/ts-node/src/index.ts:859:12)
    at reportTSError (/home/yogen/Desktop/workspace/playwrite/meroshare/node_modules/ts-node/src/index.ts:863:19)
    at getOutput (/home/yogen/Desktop/workspace/playwrite/meroshare/node_modules/ts-node/src/index.ts:1077:36)
    at Object.compile (/home/yogen/Desktop/workspace/playwrite/meroshare/node_modules/ts-node/src/index.ts:1433:41)
    at Module.m._compile (/home/yogen/Desktop/workspace/playwrite/meroshare/node_modules/ts-node/src/index.ts:1617:30)
    at node:internal/modules/cjs/loader:1839:10
    at Object.require.extensions.<computed> [as .ts] (/home/yogen/Desktop/workspace/playwrite/meroshare/node_modules/ts-node/src/index.ts:1621:12)
    at Module.load (node:internal/modules/cjs/loader:1441:32)
    at Function._load (node:internal/modules/cjs/loader:1263:12)
    at TracingChannel.traceSync (node:diagnostics_channel:328:14) {
  diagnosticCodes: [ 2339, 2339 ]
}

> meroshare@1.0.0 watch-sheets
> npx ts-node --compiler-options '{"module":"commonjs","esModuleInterop":true}' syncService.ts

◇ injected env (7) from .env // tip: ⌘ suppress logs { quiet: true }
◇ injected env (0) from .env // tip: ⌘ suppress logs { quiet: true }
◇ injected env (0) from .env // tip: ⌘ override existing { override: true }
/home/yogen/Desktop/workspace/playwrite/meroshare/node_modules/ts-node/src/index.ts:859
    return new TSError(diagnosticText, diagnosticCodes, diagnostics);
           ^
TSError: ⨯ Unable to compile TypeScript:
nepseScraper.ts(81,88): error TS2339: Property 'message' does not exist on type '{}'.
nepseScraper.ts(133,14): error TS2339: Property 'message' does not exist on type '{}'.

    at createTSError (/home/yogen/Desktop/workspace/playwrite/meroshare/node_modules/ts-node/src/index.ts:859:12)
    at reportTSError (/home/yogen/Desktop/workspace/playwrite/meroshare/node_modules/ts-node/src/index.ts:863:19)
    at getOutput (/home/yogen/Desktop/workspace/playwrite/meroshare/node_modules/ts-node/src/index.ts:1077:36)
    at Object.compile (/home/yogen/Desktop/workspace/playwrite/meroshare/node_modules/ts-node/src/index.ts:1433:41)
    at Module.m._compile (/home/yogen/Desktop/workspace/playwrite/meroshare/node_modules/ts-node/src/index.ts:1617:30)
    at node:internal/modules/cjs/loader:1839:10
    at Object.require.extensions.<computed> [as .ts] (/home/yogen/Desktop/workspace/playwrite/meroshare/node_modules/ts-node/src/index.ts:1621:12)
    at Module.load (node:internal/modules/cjs/loader:1441:32)
    at Function._load (node:internal/modules/cjs/loader:1263:12)
    at TracingChannel.traceSync (node:diagnostics_channel:328:14) {
  diagnosticCodes: [ 2339, 2339 ]
}

> meroshare@1.0.0 watch-sheets
> npx ts-node --compiler-options '{"module":"commonjs","esModuleInterop":true}' syncService.ts

◇ injected env (7) from .env // tip: ◈ secrets for agents [www.dotenvx.com]
◇ injected env (0) from .env // tip: ◈ secrets for agents [www.dotenvx.com]
◇ injected env (0) from .env // tip: ⌁ auth for agents [www.vestauth.com]
/home/yogen/Desktop/workspace/playwrite/meroshare/node_modules/ts-node/src/index.ts:859
    return new TSError(diagnosticText, diagnosticCodes, diagnostics);
           ^
TSError: ⨯ Unable to compile TypeScript:
nepseScraper.ts(81,88): error TS2339: Property 'message' does not exist on type '{}'.
nepseScraper.ts(133,14): error TS2339: Property 'message' does not exist on type '{}'.

    at createTSError (/home/yogen/Desktop/workspace/playwrite/meroshare/node_modules/ts-node/src/index.ts:859:12)
    at reportTSError (/home/yogen/Desktop/workspace/playwrite/meroshare/node_modules/ts-node/src/index.ts:863:19)
    at getOutput (/home/yogen/Desktop/workspace/playwrite/meroshare/node_modules/ts-node/src/index.ts:1077:36)
    at Object.compile (/home/yogen/Desktop/workspace/playwrite/meroshare/node_modules/ts-node/src/index.ts:1433:41)
    at Module.m._compile (/home/yogen/Desktop/workspace/playwrite/meroshare/node_modules/ts-node/src/index.ts:1617:30)
    at node:internal/modules/cjs/loader:1839:10
    at Object.require.extensions.<computed> [as .ts] (/home/yogen/Desktop/workspace/playwrite/meroshare/node_modules/ts-node/src/index.ts:1621:12)
    at Module.load (node:internal/modules/cjs/loader:1441:32)
    at Function._load (node:internal/modules/cjs/loader:1263:12)
    at TracingChannel.traceSync (node:diagnostics_channel:328:14) {
  diagnosticCodes: [ 2339, 2339 ]
}

> meroshare@1.0.0 watch-sheets
> npx ts-node --compiler-options '{"module":"commonjs","esModuleInterop":true}' syncService.ts

◇ injected env (7) from .env // tip: ⌘ enable debugging { debug: true }
◇ injected env (0) from .env // tip: ◈ encrypted .env [www.dotenvx.com]
◇ injected env (0) from .env // tip: ⌁ auth for agents [www.vestauth.com]
/home/yogen/Desktop/workspace/playwrite/meroshare/node_modules/ts-node/src/index.ts:859
    return new TSError(diagnosticText, diagnosticCodes, diagnostics);
           ^
TSError: ⨯ Unable to compile TypeScript:
nepseScraper.ts(81,88): error TS2339: Property 'message' does not exist on type '{}'.
nepseScraper.ts(133,14): error TS2339: Property 'message' does not exist on type '{}'.

    at createTSError (/home/yogen/Desktop/workspace/playwrite/meroshare/node_modules/ts-node/src/index.ts:859:12)
    at reportTSError (/home/yogen/Desktop/workspace/playwrite/meroshare/node_modules/ts-node/src/index.ts:863:19)
    at getOutput (/home/yogen/Desktop/workspace/playwrite/meroshare/node_modules/ts-node/src/index.ts:1077:36)
    at Object.compile (/home/yogen/Desktop/workspace/playwrite/meroshare/node_modules/ts-node/src/index.ts:1433:41)
    at Module.m._compile (/home/yogen/Desktop/workspace/playwrite/meroshare/node_modules/ts-node/src/index.ts:1617:30)
    at node:internal/modules/cjs/loader:1839:10
    at Object.require.extensions.<computed> [as .ts] (/home/yogen/Desktop/workspace/playwrite/meroshare/node_modules/ts-node/src/index.ts:1621:12)
    at Module.load (node:internal/modules/cjs/loader:1441:32)
    at Function._load (node:internal/modules/cjs/loader:1263:12)
    at TracingChannel.traceSync (node:diagnostics_channel:328:14) {
  diagnosticCodes: [ 2339, 2339 ]
}

> meroshare@1.0.0 watch-sheets
> npx ts-node --compiler-options '{"module":"commonjs","esModuleInterop":true}' syncService.ts

◇ injected env (7) from .env // tip: ⌘ enable debugging { debug: true }
◇ injected env (0) from .env // tip: ⌘ suppress logs { quiet: true }
◇ injected env (0) from .env // tip: ◈ encrypted .env [www.dotenvx.com]
/home/yogen/Desktop/workspace/playwrite/meroshare/node_modules/ts-node/src/index.ts:859
    return new TSError(diagnosticText, diagnosticCodes, diagnostics);
           ^
TSError: ⨯ Unable to compile TypeScript:
nepseScraper.ts(81,88): error TS2339: Property 'message' does not exist on type '{}'.
nepseScraper.ts(133,14): error TS2339: Property 'message' does not exist on type '{}'.

    at createTSError (/home/yogen/Desktop/workspace/playwrite/meroshare/node_modules/ts-node/src/index.ts:859:12)
    at reportTSError (/home/yogen/Desktop/workspace/playwrite/meroshare/node_modules/ts-node/src/index.ts:863:19)
    at getOutput (/home/yogen/Desktop/workspace/playwrite/meroshare/node_modules/ts-node/src/index.ts:1077:36)
    at Object.compile (/home/yogen/Desktop/workspace/playwrite/meroshare/node_modules/ts-node/src/index.ts:1433:41)
    at Module.m._compile (/home/yogen/Desktop/workspace/playwrite/meroshare/node_modules/ts-node/src/index.ts:1617:30)
    at node:internal/modules/cjs/loader:1839:10
    at Object.require.extensions.<computed> [as .ts] (/home/yogen/Desktop/workspace/playwrite/meroshare/node_modules/ts-node/src/index.ts:1621:12)
    at Module.load (node:internal/modules/cjs/loader:1441:32)
    at Function._load (node:internal/modules/cjs/loader:1263:12)
    at TracingChannel.traceSync (node:diagnostics_channel:328:14) {
  diagnosticCodes: [ 2339, 2339 ]
}

> meroshare@1.0.0 watch-sheets
> npx ts-node --compiler-options '{"module":"commonjs","esModuleInterop":true}' syncService.ts

◇ injected env (7) from .env // tip: ⌘ custom filepath { path: '/custom/path/.env' }
◇ injected env (0) from .env // tip: ⌘ suppress logs { quiet: true }
◇ injected env (0) from .env // tip: ⌘ multiple files { path: ['.env.local', '.env'] }
/home/yogen/Desktop/workspace/playwrite/meroshare/node_modules/ts-node/src/index.ts:859
    return new TSError(diagnosticText, diagnosticCodes, diagnostics);
           ^
TSError: ⨯ Unable to compile TypeScript:
nepseScraper.ts(81,88): error TS2339: Property 'message' does not exist on type '{}'.
nepseScraper.ts(133,14): error TS2339: Property 'message' does not exist on type '{}'.

    at createTSError (/home/yogen/Desktop/workspace/playwrite/meroshare/node_modules/ts-node/src/index.ts:859:12)
    at reportTSError (/home/yogen/Desktop/workspace/playwrite/meroshare/node_modules/ts-node/src/index.ts:863:19)
    at getOutput (/home/yogen/Desktop/workspace/playwrite/meroshare/node_modules/ts-node/src/index.ts:1077:36)
    at Object.compile (/home/yogen/Desktop/workspace/playwrite/meroshare/node_modules/ts-node/src/index.ts:1433:41)
    at Module.m._compile (/home/yogen/Desktop/workspace/playwrite/meroshare/node_modules/ts-node/src/index.ts:1617:30)
    at node:internal/modules/cjs/loader:1839:10
    at Object.require.extensions.<computed> [as .ts] (/home/yogen/Desktop/workspace/playwrite/meroshare/node_modules/ts-node/src/index.ts:1621:12)
    at Module.load (node:internal/modules/cjs/loader:1441:32)
    at Function._load (node:internal/modules/cjs/loader:1263:12)
    at TracingChannel.traceSync (node:diagnostics_channel:328:14) {
  diagnosticCodes: [ 2339, 2339 ]
}

> meroshare@1.0.0 watch-sheets
> npx ts-node --compiler-options '{"module":"commonjs","esModuleInterop":true}' syncService.ts

◇ injected env (7) from .env // tip: ◈ encrypted .env [www.dotenvx.com]
◇ injected env (0) from .env // tip: ⌘ suppress logs { quiet: true }
◇ injected env (0) from .env // tip: ⌘ enable debugging { debug: true }
/home/yogen/Desktop/workspace/playwrite/meroshare/node_modules/ts-node/src/index.ts:859
    return new TSError(diagnosticText, diagnosticCodes, diagnostics);
           ^
TSError: ⨯ Unable to compile TypeScript:
nepseScraper.ts(81,88): error TS2339: Property 'message' does not exist on type '{}'.
nepseScraper.ts(133,14): error TS2339: Property 'message' does not exist on type '{}'.

    at createTSError (/home/yogen/Desktop/workspace/playwrite/meroshare/node_modules/ts-node/src/index.ts:859:12)
    at reportTSError (/home/yogen/Desktop/workspace/playwrite/meroshare/node_modules/ts-node/src/index.ts:863:19)
    at getOutput (/home/yogen/Desktop/workspace/playwrite/meroshare/node_modules/ts-node/src/index.ts:1077:36)
    at Object.compile (/home/yogen/Desktop/workspace/playwrite/meroshare/node_modules/ts-node/src/index.ts:1433:41)
    at Module.m._compile (/home/yogen/Desktop/workspace/playwrite/meroshare/node_modules/ts-node/src/index.ts:1617:30)
    at node:internal/modules/cjs/loader:1839:10
    at Object.require.extensions.<computed> [as .ts] (/home/yogen/Desktop/workspace/playwrite/meroshare/node_modules/ts-node/src/index.ts:1621:12)
    at Module.load (node:internal/modules/cjs/loader:1441:32)
    at Function._load (node:internal/modules/cjs/loader:1263:12)
    at TracingChannel.traceSync (node:diagnostics_channel:328:14) {
  diagnosticCodes: [ 2339, 2339 ]
}

> meroshare@1.0.0 watch-sheets
> npx ts-node --compiler-options '{"module":"commonjs","esModuleInterop":true}' syncService.ts

◇ injected env (7) from .env // tip: ⌁ auth for agents [www.vestauth.com]
◇ injected env (0) from .env // tip: ◈ encrypted .env [www.dotenvx.com]
◇ injected env (0) from .env // tip: ⌘ custom filepath { path: '/custom/path/.env' }
/home/yogen/Desktop/workspace/playwrite/meroshare/node_modules/ts-node/src/index.ts:859
    return new TSError(diagnosticText, diagnosticCodes, diagnostics);
           ^
TSError: ⨯ Unable to compile TypeScript:
nepseScraper.ts(81,88): error TS2339: Property 'message' does not exist on type '{}'.
nepseScraper.ts(133,14): error TS2339: Property 'message' does not exist on type '{}'.

    at createTSError (/home/yogen/Desktop/workspace/playwrite/meroshare/node_modules/ts-node/src/index.ts:859:12)
    at reportTSError (/home/yogen/Desktop/workspace/playwrite/meroshare/node_modules/ts-node/src/index.ts:863:19)
    at getOutput (/home/yogen/Desktop/workspace/playwrite/meroshare/node_modules/ts-node/src/index.ts:1077:36)
    at Object.compile (/home/yogen/Desktop/workspace/playwrite/meroshare/node_modules/ts-node/src/index.ts:1433:41)
    at Module.m._compile (/home/yogen/Desktop/workspace/playwrite/meroshare/node_modules/ts-node/src/index.ts:1617:30)
    at node:internal/modules/cjs/loader:1839:10
    at Object.require.extensions.<computed> [as .ts] (/home/yogen/Desktop/workspace/playwrite/meroshare/node_modules/ts-node/src/index.ts:1621:12)
    at Module.load (node:internal/modules/cjs/loader:1441:32)
    at Function._load (node:internal/modules/cjs/loader:1263:12)
    at TracingChannel.traceSync (node:diagnostics_channel:328:14) {
  diagnosticCodes: [ 2339, 2339 ]
}

> meroshare@1.0.0 watch-sheets
> npx ts-node --compiler-options '{"module":"commonjs","esModuleInterop":true}' syncService.ts

◇ injected env (7) from .env // tip: ⌘ multiple files { path: ['.env.local', '.env'] }
◇ injected env (0) from .env // tip: ⌘ suppress logs { quiet: true }
◇ injected env (0) from .env // tip: ⌘ multiple files { path: ['.env.local', '.env'] }
/home/yogen/Desktop/workspace/playwrite/meroshare/node_modules/ts-node/src/index.ts:859
    return new TSError(diagnosticText, diagnosticCodes, diagnostics);
           ^
TSError: ⨯ Unable to compile TypeScript:
nepseScraper.ts(81,88): error TS2339: Property 'message' does not exist on type '{}'.
nepseScraper.ts(133,14): error TS2339: Property 'message' does not exist on type '{}'.

    at createTSError (/home/yogen/Desktop/workspace/playwrite/meroshare/node_modules/ts-node/src/index.ts:859:12)
    at reportTSError (/home/yogen/Desktop/workspace/playwrite/meroshare/node_modules/ts-node/src/index.ts:863:19)
    at getOutput (/home/yogen/Desktop/workspace/playwrite/meroshare/node_modules/ts-node/src/index.ts:1077:36)
    at Object.compile (/home/yogen/Desktop/workspace/playwrite/meroshare/node_modules/ts-node/src/index.ts:1433:41)
    at Module.m._compile (/home/yogen/Desktop/workspace/playwrite/meroshare/node_modules/ts-node/src/index.ts:1617:30)
    at node:internal/modules/cjs/loader:1839:10
    at Object.require.extensions.<computed> [as .ts] (/home/yogen/Desktop/workspace/playwrite/meroshare/node_modules/ts-node/src/index.ts:1621:12)
    at Module.load (node:internal/modules/cjs/loader:1441:32)
    at Function._load (node:internal/modules/cjs/loader:1263:12)
    at TracingChannel.traceSync (node:diagnostics_channel:328:14) {
  diagnosticCodes: [ 2339, 2339 ]
}

> meroshare@1.0.0 watch-sheets
> npx ts-node --compiler-options '{"module":"commonjs","esModuleInterop":true}' syncService.ts

◇ injected env (7) from .env // tip: ⌘ custom filepath { path: '/custom/path/.env' }
◇ injected env (0) from .env // tip: ⌘ enable debugging { debug: true }
◇ injected env (0) from .env // tip: ◈ secrets for agents [www.dotenvx.com]
/home/yogen/Desktop/workspace/playwrite/meroshare/node_modules/ts-node/src/index.ts:859
    return new TSError(diagnosticText, diagnosticCodes, diagnostics);
           ^
TSError: ⨯ Unable to compile TypeScript:
nepseScraper.ts(81,88): error TS2339: Property 'message' does not exist on type '{}'.
nepseScraper.ts(133,14): error TS2339: Property 'message' does not exist on type '{}'.

    at createTSError (/home/yogen/Desktop/workspace/playwrite/meroshare/node_modules/ts-node/src/index.ts:859:12)
    at reportTSError (/home/yogen/Desktop/workspace/playwrite/meroshare/node_modules/ts-node/src/index.ts:863:19)
    at getOutput (/home/yogen/Desktop/workspace/playwrite/meroshare/node_modules/ts-node/src/index.ts:1077:36)
    at Object.compile (/home/yogen/Desktop/workspace/playwrite/meroshare/node_modules/ts-node/src/index.ts:1433:41)
    at Module.m._compile (/home/yogen/Desktop/workspace/playwrite/meroshare/node_modules/ts-node/src/index.ts:1617:30)
    at node:internal/modules/cjs/loader:1839:10
    at Object.require.extensions.<computed> [as .ts] (/home/yogen/Desktop/workspace/playwrite/meroshare/node_modules/ts-node/src/index.ts:1621:12)
    at Module.load (node:internal/modules/cjs/loader:1441:32)
    at Function._load (node:internal/modules/cjs/loader:1263:12)
    at TracingChannel.traceSync (node:diagnostics_channel:328:14) {
  diagnosticCodes: [ 2339, 2339 ]
}

> meroshare@1.0.0 watch-sheets
> npx ts-node --compiler-options '{"module":"commonjs","esModuleInterop":true}' syncService.ts

◇ injected env (7) from .env // tip: ◈ encrypted .env [www.dotenvx.com]
◇ injected env (0) from .env // tip: ⌘ multiple files { path: ['.env.local', '.env'] }
◇ injected env (0) from .env // tip: ⌘ multiple files { path: ['.env.local', '.env'] }
/home/yogen/Desktop/workspace/playwrite/meroshare/node_modules/ts-node/src/index.ts:859
    return new TSError(diagnosticText, diagnosticCodes, diagnostics);
           ^
TSError: ⨯ Unable to compile TypeScript:
nepseScraper.ts(81,88): error TS2339: Property 'message' does not exist on type '{}'.
nepseScraper.ts(133,14): error TS2339: Property 'message' does not exist on type '{}'.

    at createTSError (/home/yogen/Desktop/workspace/playwrite/meroshare/node_modules/ts-node/src/index.ts:859:12)
    at reportTSError (/home/yogen/Desktop/workspace/playwrite/meroshare/node_modules/ts-node/src/index.ts:863:19)
    at getOutput (/home/yogen/Desktop/workspace/playwrite/meroshare/node_modules/ts-node/src/index.ts:1077:36)
    at Object.compile (/home/yogen/Desktop/workspace/playwrite/meroshare/node_modules/ts-node/src/index.ts:1433:41)
    at Module.m._compile (/home/yogen/Desktop/workspace/playwrite/meroshare/node_modules/ts-node/src/index.ts:1617:30)
    at node:internal/modules/cjs/loader:1839:10
    at Object.require.extensions.<computed> [as .ts] (/home/yogen/Desktop/workspace/playwrite/meroshare/node_modules/ts-node/src/index.ts:1621:12)
    at Module.load (node:internal/modules/cjs/loader:1441:32)
    at Function._load (node:internal/modules/cjs/loader:1263:12)
    at TracingChannel.traceSync (node:diagnostics_channel:328:14) {
  diagnosticCodes: [ 2339, 2339 ]
}

> meroshare@1.0.0 watch-sheets
> npx ts-node --compiler-options '{"module":"commonjs","esModuleInterop":true}' syncService.ts

◇ injected env (7) from .env // tip: ⌁ auth for agents [www.vestauth.com]
◇ injected env (0) from .env // tip: ⌘ suppress logs { quiet: true }
◇ injected env (0) from .env // tip: ⌘ custom filepath { path: '/custom/path/.env' }
/home/yogen/Desktop/workspace/playwrite/meroshare/node_modules/ts-node/src/index.ts:859
    return new TSError(diagnosticText, diagnosticCodes, diagnostics);
           ^
TSError: ⨯ Unable to compile TypeScript:
nepseScraper.ts(81,88): error TS2339: Property 'message' does not exist on type '{}'.
nepseScraper.ts(133,14): error TS2339: Property 'message' does not exist on type '{}'.

    at createTSError (/home/yogen/Desktop/workspace/playwrite/meroshare/node_modules/ts-node/src/index.ts:859:12)
    at reportTSError (/home/yogen/Desktop/workspace/playwrite/meroshare/node_modules/ts-node/src/index.ts:863:19)
    at getOutput (/home/yogen/Desktop/workspace/playwrite/meroshare/node_modules/ts-node/src/index.ts:1077:36)
    at Object.compile (/home/yogen/Desktop/workspace/playwrite/meroshare/node_modules/ts-node/src/index.ts:1433:41)
    at Module.m._compile (/home/yogen/Desktop/workspace/playwrite/meroshare/node_modules/ts-node/src/index.ts:1617:30)
    at node:internal/modules/cjs/loader:1839:10
    at Object.require.extensions.<computed> [as .ts] (/home/yogen/Desktop/workspace/playwrite/meroshare/node_modules/ts-node/src/index.ts:1621:12)
    at Module.load (node:internal/modules/cjs/loader:1441:32)
    at Function._load (node:internal/modules/cjs/loader:1263:12)
    at TracingChannel.traceSync (node:diagnostics_channel:328:14) {
  diagnosticCodes: [ 2339, 2339 ]
}

> meroshare@1.0.0 watch-sheets
> npx ts-node --compiler-options '{"module":"commonjs","esModuleInterop":true}' syncService.ts

◇ injected env (7) from .env // tip: ⌘ suppress logs { quiet: true }
◇ injected env (0) from .env // tip: ◈ encrypted .env [www.dotenvx.com]
◇ injected env (0) from .env // tip: ⌁ auth for agents [www.vestauth.com]
/home/yogen/Desktop/workspace/playwrite/meroshare/node_modules/ts-node/src/index.ts:859
    return new TSError(diagnosticText, diagnosticCodes, diagnostics);
           ^
TSError: ⨯ Unable to compile TypeScript:
nepseScraper.ts(133,14): error TS2339: Property 'message' does not exist on type '{}'.

    at createTSError (/home/yogen/Desktop/workspace/playwrite/meroshare/node_modules/ts-node/src/index.ts:859:12)
    at reportTSError (/home/yogen/Desktop/workspace/playwrite/meroshare/node_modules/ts-node/src/index.ts:863:19)
    at getOutput (/home/yogen/Desktop/workspace/playwrite/meroshare/node_modules/ts-node/src/index.ts:1077:36)
    at Object.compile (/home/yogen/Desktop/workspace/playwrite/meroshare/node_modules/ts-node/src/index.ts:1433:41)
    at Module.m._compile (/home/yogen/Desktop/workspace/playwrite/meroshare/node_modules/ts-node/src/index.ts:1617:30)
    at node:internal/modules/cjs/loader:1839:10
    at Object.require.extensions.<computed> [as .ts] (/home/yogen/Desktop/workspace/playwrite/meroshare/node_modules/ts-node/src/index.ts:1621:12)
    at Module.load (node:internal/modules/cjs/loader:1441:32)
    at Function._load (node:internal/modules/cjs/loader:1263:12)
    at TracingChannel.traceSync (node:diagnostics_channel:328:14) {
  diagnosticCodes: [ 2339 ]
}

> meroshare@1.0.0 watch-sheets
> npx ts-node --compiler-options '{"module":"commonjs","esModuleInterop":true}' syncService.ts

◇ injected env (7) from .env // tip: ⌘ custom filepath { path: '/custom/path/.env' }
◇ injected env (0) from .env // tip: ⌘ custom filepath { path: '/custom/path/.env' }
◇ injected env (0) from .env // tip: ⌘ suppress logs { quiet: true }
/home/yogen/Desktop/workspace/playwrite/meroshare/node_modules/ts-node/src/index.ts:859
    return new TSError(diagnosticText, diagnosticCodes, diagnostics);
           ^
TSError: ⨯ Unable to compile TypeScript:
nepseScraper.ts(133,14): error TS2339: Property 'message' does not exist on type '{}'.

    at createTSError (/home/yogen/Desktop/workspace/playwrite/meroshare/node_modules/ts-node/src/index.ts:859:12)
    at reportTSError (/home/yogen/Desktop/workspace/playwrite/meroshare/node_modules/ts-node/src/index.ts:863:19)
    at getOutput (/home/yogen/Desktop/workspace/playwrite/meroshare/node_modules/ts-node/src/index.ts:1077:36)
    at Object.compile (/home/yogen/Desktop/workspace/playwrite/meroshare/node_modules/ts-node/src/index.ts:1433:41)
    at Module.m._compile (/home/yogen/Desktop/workspace/playwrite/meroshare/node_modules/ts-node/src/index.ts:1617:30)
    at node:internal/modules/cjs/loader:1839:10
    at Object.require.extensions.<computed> [as .ts] (/home/yogen/Desktop/workspace/playwrite/meroshare/node_modules/ts-node/src/index.ts:1621:12)
    at Module.load (node:internal/modules/cjs/loader:1441:32)
    at Function._load (node:internal/modules/cjs/loader:1263:12)
    at TracingChannel.traceSync (node:diagnostics_channel:328:14) {
  diagnosticCodes: [ 2339 ]
}

> meroshare@1.0.0 watch-sheets
> npx ts-node --compiler-options '{"module":"commonjs","esModuleInterop":true}' syncService.ts

◇ injected env (7) from .env // tip: ⌘ override existing { override: true }
◇ injected env (0) from .env // tip: ⌘ override existing { override: true }
◇ injected env (0) from .env // tip: ⌘ multiple files { path: ['.env.local', '.env'] }
/home/yogen/Desktop/workspace/playwrite/meroshare/node_modules/ts-node/src/index.ts:859
    return new TSError(diagnosticText, diagnosticCodes, diagnostics);
           ^
TSError: ⨯ Unable to compile TypeScript:
nepseScraper.ts(133,14): error TS2339: Property 'message' does not exist on type '{}'.

    at createTSError (/home/yogen/Desktop/workspace/playwrite/meroshare/node_modules/ts-node/src/index.ts:859:12)
    at reportTSError (/home/yogen/Desktop/workspace/playwrite/meroshare/node_modules/ts-node/src/index.ts:863:19)
    at getOutput (/home/yogen/Desktop/workspace/playwrite/meroshare/node_modules/ts-node/src/index.ts:1077:36)
    at Object.compile (/home/yogen/Desktop/workspace/playwrite/meroshare/node_modules/ts-node/src/index.ts:1433:41)
    at Module.m._compile (/home/yogen/Desktop/workspace/playwrite/meroshare/node_modules/ts-node/src/index.ts:1617:30)
    at node:internal/modules/cjs/loader:1839:10
    at Object.require.extensions.<computed> [as .ts] (/home/yogen/Desktop/workspace/playwrite/meroshare/node_modules/ts-node/src/index.ts:1621:12)
    at Module.load (node:internal/modules/cjs/loader:1441:32)
    at Function._load (node:internal/modules/cjs/loader:1263:12)
    at TracingChannel.traceSync (node:diagnostics_channel:328:14) {
  diagnosticCodes: [ 2339 ]
}

> meroshare@1.0.0 watch-sheets
> npx ts-node --compiler-options '{"module":"commonjs","esModuleInterop":true}' syncService.ts

◇ injected env (7) from .env // tip: ⌘ enable debugging { debug: true }
◇ injected env (0) from .env // tip: ⌘ suppress logs { quiet: true }
◇ injected env (0) from .env // tip: ⌁ auth for agents [www.vestauth.com]
◇ injected env (0) from .env // tip: ⌘ enable debugging { debug: true }
◇ injected env (0) from .env // tip: ⌘ multiple files { path: ['.env.local', '.env'] }
Starting Google Sheets Sync Service...
Connected to Spreadsheet: share info
NEPSE scraper scheduled to run every day at 00 01 11 * * * and 0 05 16 * * *.
Scheduled Promoter Unlock (daily at 35 11 * * *) and Fundamental Data (40 11 * * *) scrapers.
Polling Google Sheets every 30 seconds...
[9/4/2026, 12:18:35 PM] Scheduled time '2026-05-27 11:01:02' is in the past. Will not schedule.
Detected command: CHECK_STATUS. Starting process...
Error during polling loop: Request failed with status code 502 Bad Gateway: POST https://sheets.googleapis.com/v4/spreadsheets/1lv6yqKJG0GteIrlGPONtOXDW28h5KSCjg7xzph6yUw4/:batchUpdate
Detected command: CHECK_STATUS. Starting process...
Starting status check with concurrency limit: 2
Error during polling loop: browserType.launch: Target page, context or browser has been closed
Browser logs:

╔════════════════════════════════════════════════════════════════════════════════════════════════╗
║ Looks like you launched a headed browser without having a XServer running.                     ║
║ Set either 'headless: true' or use 'xvfb-run <your-playwright-app>' before running Playwright. ║
║                                                                                                ║
║ <3 Playwright Team                                                                             ║
╚════════════════════════════════════════════════════════════════════════════════════════════════╝
Call log:
  - <launching> /home/yogen/.cache/ms-playwright/chromium-1217/chrome-linux64/chrome --disable-field-trial-config --disable-background-networking --disable-background-timer-throttling --disable-backgrounding-occluded-windows --disable-back-forward-cache --disable-breakpad --disable-client-side-phishing-detection --disable-component-update --no-default-browser-check --disable-dev-shm-usage --disable-features=AvoidUnnecessaryBeforeUnloadCheckSync,BoundaryEventDispatchTracksNodeRemoval,DestroyProfileOnBrowserClose,DialMediaRouteProvider,GlobalMediaControls,HttpsUpgrades,LensOverlay,MediaRouter,PaintHolding,ThirdPartyStoragePartitioning,Translate,AutoDeElevate,RenderDocument,OptimizationHints --enable-features=CDPScreenshotNewSurface --allow-pre-commit-input --disable-hang-monitor --disable-ipc-flooding-protection --disable-popup-blocking --disable-prompt-on-repost --disable-renderer-backgrounding --force-color-profile=srgb --metrics-recording-only --no-first-run --password-store=basic --use-mock-keychain --no-service-autorun --export-tagged-pdf --disable-search-engine-choice-screen --unsafely-disable-devtools-self-xss-warnings --edge-skip-compat-layer-relaunch --enable-automation --disable-infobars --disable-search-engine-choice-screen --disable-sync --enable-unsafe-swiftshader --no-sandbox --disable-blink-features=AutomationControlled,AutomationControlled --user-data-dir=/tmp/playwright_chromiumdev_profile-G2XrfI --remote-debugging-pipe --no-startup-window
  - <launched> pid=948510
  - [pid=948510][err] [948510:948510:0904/122430.353676:ERROR:ui/ozone/platform/x11/ozone_platform_x11.cc:256] Missing X server or $DISPLAY
  - [pid=948510][err] [948510:948510:0904/122430.354406:ERROR:ui/aura/env.cc:246] The platform failed to initialize.  Exiting.
  - [pid=948510] <gracefully close start>
  - [pid=948510] <kill>
  - [pid=948510] <will force kill>
  - [pid=948510] <process did exit: exitCode=1, signal=null>
  - [pid=948510] starting temporary directories cleanup
  - [pid=948510] finished temporary directories cleanup
  - [pid=948510] <gracefully close end>

Detected command: CHECK_STATUS. Starting process...
Starting status check with concurrency limit: 2
Error during polling loop: browserType.launch: Target page, context or browser has been closed
Browser logs:

╔════════════════════════════════════════════════════════════════════════════════════════════════╗
║ Looks like you launched a headed browser without having a XServer running.                     ║
║ Set either 'headless: true' or use 'xvfb-run <your-playwright-app>' before running Playwright. ║
║                                                                                                ║
║ <3 Playwright Team                                                                             ║
╚════════════════════════════════════════════════════════════════════════════════════════════════╝
Call log:
  - <launching> /home/yogen/.cache/ms-playwright/chromium-1217/chrome-linux64/chrome --disable-field-trial-config --disable-background-networking --disable-background-timer-throttling --disable-backgrounding-occluded-windows --disable-back-forward-cache --disable-breakpad --disable-client-side-phishing-detection --disable-component-update --no-default-browser-check --disable-dev-shm-usage --disable-features=AvoidUnnecessaryBeforeUnloadCheckSync,BoundaryEventDispatchTracksNodeRemoval,DestroyProfileOnBrowserClose,DialMediaRouteProvider,GlobalMediaControls,HttpsUpgrades,LensOverlay,MediaRouter,PaintHolding,ThirdPartyStoragePartitioning,Translate,AutoDeElevate,RenderDocument,OptimizationHints --enable-features=CDPScreenshotNewSurface --allow-pre-commit-input --disable-hang-monitor --disable-ipc-flooding-protection --disable-popup-blocking --disable-prompt-on-repost --disable-renderer-backgrounding --force-color-profile=srgb --metrics-recording-only --no-first-run --password-store=basic --use-mock-keychain --no-service-autorun --export-tagged-pdf --disable-search-engine-choice-screen --unsafely-disable-devtools-self-xss-warnings --edge-skip-compat-layer-relaunch --enable-automation --disable-infobars --disable-search-engine-choice-screen --disable-sync --enable-unsafe-swiftshader --no-sandbox --disable-blink-features=AutomationControlled,AutomationControlled --user-data-dir=/tmp/playwright_chromiumdev_profile-geLKKj --remote-debugging-pipe --no-startup-window
  - <launched> pid=949618
  - [pid=949618][err] [949618:949618:0904/122639.442502:ERROR:ui/ozone/platform/x11/ozone_platform_x11.cc:256] Missing X server or $DISPLAY
  - [pid=949618][err] [949618:949618:0904/122639.442541:ERROR:ui/aura/env.cc:246] The platform failed to initialize.  Exiting.
  - [pid=949618] <gracefully close start>
  - [pid=949618] <kill>
  - [pid=949618] <will force kill>
  - [pid=949618] <process did exit: exitCode=1, signal=null>
  - [pid=949618] starting temporary directories cleanup
  - [pid=949618] finished temporary directories cleanup
  - [pid=949618] <gracefully close end>

Detected command: CHECK_STATUS. Starting process...
Starting status check with concurrency limit: 2
Error during polling loop: browserType.launch: Target page, context or browser has been closed
Browser logs:

╔════════════════════════════════════════════════════════════════════════════════════════════════╗
║ Looks like you launched a headed browser without having a XServer running.                     ║
║ Set either 'headless: true' or use 'xvfb-run <your-playwright-app>' before running Playwright. ║
║                                                                                                ║
║ <3 Playwright Team                                                                             ║
╚════════════════════════════════════════════════════════════════════════════════════════════════╝
Call log:
  - <launching> /home/yogen/.cache/ms-playwright/chromium-1217/chrome-linux64/chrome --disable-field-trial-config --disable-background-networking --disable-background-timer-throttling --disable-backgrounding-occluded-windows --disable-back-forward-cache --disable-breakpad --disable-client-side-phishing-detection --disable-component-update --no-default-browser-check --disable-dev-shm-usage --disable-features=AvoidUnnecessaryBeforeUnloadCheckSync,BoundaryEventDispatchTracksNodeRemoval,DestroyProfileOnBrowserClose,DialMediaRouteProvider,GlobalMediaControls,HttpsUpgrades,LensOverlay,MediaRouter,PaintHolding,ThirdPartyStoragePartitioning,Translate,AutoDeElevate,RenderDocument,OptimizationHints --enable-features=CDPScreenshotNewSurface --allow-pre-commit-input --disable-hang-monitor --disable-ipc-flooding-protection --disable-popup-blocking --disable-prompt-on-repost --disable-renderer-backgrounding --force-color-profile=srgb --metrics-recording-only --no-first-run --password-store=basic --use-mock-keychain --no-service-autorun --export-tagged-pdf --disable-search-engine-choice-screen --unsafely-disable-devtools-self-xss-warnings --edge-skip-compat-layer-relaunch --enable-automation --disable-infobars --disable-search-engine-choice-screen --disable-sync --enable-unsafe-swiftshader --no-sandbox --disable-blink-features=AutomationControlled,AutomationControlled --user-data-dir=/tmp/playwright_chromiumdev_profile-5jbpWE --remote-debugging-pipe --no-startup-window
  - <launched> pid=950095
  - [pid=950095][err] [950095:950095:0904/122744.605670:ERROR:ui/ozone/platform/x11/ozone_platform_x11.cc:256] Missing X server or $DISPLAY
  - [pid=950095][err] [950095:950095:0904/122744.605724:ERROR:ui/aura/env.cc:246] The platform failed to initialize.  Exiting.
  - [pid=950095] <gracefully close start>
  - [pid=950095] <kill>
  - [pid=950095] <will force kill>
  - [pid=950095] <process did exit: exitCode=1, signal=null>
  - [pid=950095] starting temporary directories cleanup
  - [pid=950095] finished temporary directories cleanup
  - [pid=950095] <gracefully close end>

Detected command: CHECK_STATUS. Starting process...
Starting status check with concurrency limit: 2
Error during polling loop: browserType.launch: Target page, context or browser has been closed
Browser logs:

╔════════════════════════════════════════════════════════════════════════════════════════════════╗
║ Looks like you launched a headed browser without having a XServer running.                     ║
║ Set either 'headless: true' or use 'xvfb-run <your-playwright-app>' before running Playwright. ║
║                                                                                                ║
║ <3 Playwright Team                                                                             ║
╚════════════════════════════════════════════════════════════════════════════════════════════════╝
Call log:
  - <launching> /home/yogen/.cache/ms-playwright/chromium-1217/chrome-linux64/chrome --disable-field-trial-config --disable-background-networking --disable-background-timer-throttling --disable-backgrounding-occluded-windows --disable-back-forward-cache --disable-breakpad --disable-client-side-phishing-detection --disable-component-update --no-default-browser-check --disable-dev-shm-usage --disable-features=AvoidUnnecessaryBeforeUnloadCheckSync,BoundaryEventDispatchTracksNodeRemoval,DestroyProfileOnBrowserClose,DialMediaRouteProvider,GlobalMediaControls,HttpsUpgrades,LensOverlay,MediaRouter,PaintHolding,ThirdPartyStoragePartitioning,Translate,AutoDeElevate,RenderDocument,OptimizationHints --enable-features=CDPScreenshotNewSurface --allow-pre-commit-input --disable-hang-monitor --disable-ipc-flooding-protection --disable-popup-blocking --disable-prompt-on-repost --disable-renderer-backgrounding --force-color-profile=srgb --metrics-recording-only --no-first-run --password-store=basic --use-mock-keychain --no-service-autorun --export-tagged-pdf --disable-search-engine-choice-screen --unsafely-disable-devtools-self-xss-warnings --edge-skip-compat-layer-relaunch --enable-automation --disable-infobars --disable-search-engine-choice-screen --disable-sync --enable-unsafe-swiftshader --no-sandbox --disable-blink-features=AutomationControlled,AutomationControlled --user-data-dir=/tmp/playwright_chromiumdev_profile-8PMDzu --remote-debugging-pipe --no-startup-window
  - <launched> pid=950347
  - [pid=950347][err] [950347:950347:0904/122818.678203:ERROR:ui/ozone/platform/x11/ozone_platform_x11.cc:256] Missing X server or $DISPLAY
  - [pid=950347][err] [950347:950347:0904/122818.678250:ERROR:ui/aura/env.cc:246] The platform failed to initialize.  Exiting.
  - [pid=950347] <gracefully close start>
  - [pid=950347] <kill>
  - [pid=950347] <will force kill>
  - [pid=950347] <process did exit: exitCode=1, signal=null>
  - [pid=950347] starting temporary directories cleanup
  - [pid=950347] finished temporary directories cleanup
  - [pid=950347] <gracefully close end>

Detected command: CHECK_STATUS. Starting process...
Starting status check with concurrency limit: 2
Error during polling loop: browserType.launch: Target page, context or browser has been closed
Browser logs:

╔════════════════════════════════════════════════════════════════════════════════════════════════╗
║ Looks like you launched a headed browser without having a XServer running.                     ║
║ Set either 'headless: true' or use 'xvfb-run <your-playwright-app>' before running Playwright. ║
║                                                                                                ║
║ <3 Playwright Team                                                                             ║
╚════════════════════════════════════════════════════════════════════════════════════════════════╝
Call log:
  - <launching> /home/yogen/.cache/ms-playwright/chromium-1217/chrome-linux64/chrome --disable-field-trial-config --disable-background-networking --disable-background-timer-throttling --disable-backgrounding-occluded-windows --disable-back-forward-cache --disable-breakpad --disable-client-side-phishing-detection --disable-component-update --no-default-browser-check --disable-dev-shm-usage --disable-features=AvoidUnnecessaryBeforeUnloadCheckSync,BoundaryEventDispatchTracksNodeRemoval,DestroyProfileOnBrowserClose,DialMediaRouteProvider,GlobalMediaControls,HttpsUpgrades,LensOverlay,MediaRouter,PaintHolding,ThirdPartyStoragePartitioning,Translate,AutoDeElevate,RenderDocument,OptimizationHints --enable-features=CDPScreenshotNewSurface --allow-pre-commit-input --disable-hang-monitor --disable-ipc-flooding-protection --disable-popup-blocking --disable-prompt-on-repost --disable-renderer-backgrounding --force-color-profile=srgb --metrics-recording-only --no-first-run --password-store=basic --use-mock-keychain --no-service-autorun --export-tagged-pdf --disable-search-engine-choice-screen --unsafely-disable-devtools-self-xss-warnings --edge-skip-compat-layer-relaunch --enable-automation --disable-infobars --disable-search-engine-choice-screen --disable-sync --enable-unsafe-swiftshader --no-sandbox --disable-blink-features=AutomationControlled,AutomationControlled --user-data-dir=/tmp/playwright_chromiumdev_profile-oyiIsu --remote-debugging-pipe --no-startup-window
  - <launched> pid=950571
  - [pid=950571][err] [950571:950571:0904/122852.605754:ERROR:ui/ozone/platform/x11/ozone_platform_x11.cc:256] Missing X server or $DISPLAY
  - [pid=950571][err] [950571:950571:0904/122852.605785:ERROR:ui/aura/env.cc:246] The platform failed to initialize.  Exiting.
  - [pid=950571] <gracefully close start>
  - [pid=950571] <kill>
  - [pid=950571] <will force kill>
  - [pid=950571] <process did exit: exitCode=1, signal=null>
  - [pid=950571] starting temporary directories cleanup
  - [pid=950571] finished temporary directories cleanup
  - [pid=950571] <gracefully close end>


> meroshare@1.0.0 watch-sheets
> npx ts-node --compiler-options '{"module":"commonjs","esModuleInterop":true}' syncService.ts

◇ injected env (7) from .env // tip: ⌁ auth for agents [www.vestauth.com]
◇ injected env (0) from .env // tip: ⌘ custom filepath { path: '/custom/path/.env' }
◇ injected env (0) from .env // tip: ⌘ custom filepath { path: '/custom/path/.env' }
◇ injected env (0) from .env // tip: ◈ secrets for agents [www.dotenvx.com]
◇ injected env (0) from .env // tip: ⌘ override existing { override: true }
Starting Google Sheets Sync Service...
Connected to Spreadsheet: share info
NEPSE scraper scheduled to run every day at 00 01 11 * * * and 0 05 16 * * *.
Scheduled Promoter Unlock (daily at 35 11 * * *) and Fundamental Data (40 11 * * *) scrapers.
Polling Google Sheets every 30 seconds...
[9/4/2026, 1:36:58 PM] Scheduled time '2026-05-27 11:01:02' is in the past. Will not schedule.
Detected command: CHECK_STATUS. Starting process...
Starting status check with concurrency limit: 2
[Yug maharjan] Navigating to Meroshare...
[Yug maharjan] Logging in...
[Yug maharjan] Navigating to MY ASBA for Everest Colour Limited...
[Yug maharjan] Stock not found in list: Everest Colour Limited
[Yug maharjan] Navigating to MY ASBA for Sarvottam Paints Industries Ltd...
[Yug maharjan] Stock not found in list: Sarvottam Paints Industries Ltd
All status checks completed.
CHECK_STATUS process completed.

> meroshare@1.0.0 watch-sheets
> npx ts-node --compiler-options '{"module":"commonjs","esModuleInterop":true}' syncService.ts

◇ injected env (7) from .env // tip: ⌘ suppress logs { quiet: true }
◇ injected env (0) from .env // tip: ⌁ auth for agents [www.vestauth.com]
◇ injected env (0) from .env // tip: ⌘ multiple files { path: ['.env.local', '.env'] }
◇ injected env (0) from .env // tip: ⌘ override existing { override: true }
◇ injected env (0) from .env // tip: ⌘ enable debugging { debug: true }
Starting Google Sheets Sync Service...
Connected to Spreadsheet: share info
NEPSE scraper scheduled to run every day at 00 01 11 * * * and 0 05 16 * * *.
Scheduled Promoter Unlock (daily at 35 11 * * *) and Fundamental Data (40 11 * * *) scrapers.
Polling Google Sheets every 30 seconds...
[9/4/2026, 1:51:21 PM] Scheduled time '2026-05-27 11:01:02' is in the past. Will not schedule.

> meroshare@1.0.0 watch-sheets
> npx ts-node --compiler-options '{"module":"commonjs","esModuleInterop":true}' syncService.ts

◇ injected env (7) from .env // tip: ◈ encrypted .env [www.dotenvx.com]
◇ injected env (0) from .env // tip: ◈ encrypted .env [www.dotenvx.com]
◇ injected env (0) from .env // tip: ⌘ suppress logs { quiet: true }
◇ injected env (0) from .env // tip: ⌘ enable debugging { debug: true }
◇ injected env (0) from .env // tip: ⌘ override existing { override: true }
Starting Google Sheets Sync Service...
Connected to Spreadsheet: share info
NEPSE scraper scheduled to run every day at 00 01 11 * * * and 0 05 16 * * *.
Scheduled Promoter Unlock (daily at 35 11 * * *) and Fundamental Data (40 11 * * *) scrapers.
Polling Google Sheets every 30 seconds...
[9/4/2026, 1:51:24 PM] Scheduled time '2026-05-27 11:01:02' is in the past. Will not schedule.
[Network Warning] Transient error encountered: fetch failed. Retrying in 2s...
[Network Warning] Transient error encountered: fetch failed. Retrying in 2s...
[Network Warning] Transient error encountered: fetch failed. Retrying in 4s...

> meroshare@1.0.0 watch-sheets
> npx ts-node --compiler-options '{"module":"commonjs","esModuleInterop":true}' syncService.ts

◇ injected env (7) from .env // tip: ⌁ auth for agents [www.vestauth.com]
◇ injected env (0) from .env // tip: ◈ secrets for agents [www.dotenvx.com]
◇ injected env (0) from .env // tip: ◈ secrets for agents [www.dotenvx.com]
◇ injected env (0) from .env // tip: ◈ encrypted .env [www.dotenvx.com]
◇ injected env (0) from .env // tip: ⌘ suppress logs { quiet: true }
Starting Google Sheets Sync Service...
Connected to Spreadsheet: share info
NEPSE scraper scheduled to run every day at 00 01 11 * * * and 0 05 16 * * *.
Scheduled Promoter Unlock (daily at 35 11 * * *) and Fundamental Data (40 11 * * *) scrapers.
Polling Google Sheets every 30 seconds...
[9/4/2026, 3:17:00 PM] Scheduled time '2026-05-27 11:01:02' is in the past. Will not schedule.
Detected command: CHECK_STATUS. Starting process...
Starting status check with concurrency limit: 2
[Yug maharjan] Navigating to Meroshare...
[Yug maharjan] Logging in...
[Yug maharjan] Navigating to MY ASBA for Everest Colour Limited...
[Yug maharjan] Stock not found in list: Everest Colour Limited
[Yug maharjan] Navigating to MY ASBA for Sarvottam Paints Industries Ltd...
[Yug maharjan] Stock not found in list: Sarvottam Paints Industries Ltd
All status checks completed.
CHECK_STATUS process completed.
[9/4/2026, 4:05:00 PM] Starting NEPSE scraper...
[9/4/2026, 4:05:00 PM] NEPSE scraper attempt 1/3...
Navigating to https://www.nepalstock.com/ ...
Waiting for element...
Browser closed.
Extracted Value: Market Closed
Connecting to Google Sheets...
Connected to Document: share info
Successfully saved "Market Closed" to 'Report' sheet at B1.
Error during polling loop: Request timed out: POST https://sheets.googleapis.com/v4/spreadsheets/1lv6yqKJG0GteIrlGPONtOXDW28h5KSCjg7xzph6yUw4/:getByDataFilter
Error handling TMS scheduled time: Request timed out: POST https://sheets.googleapis.com/v4/spreadsheets/1lv6yqKJG0GteIrlGPONtOXDW28h5KSCjg7xzph6yUw4/:getByDataFilter
[Network Warning] Transient error encountered: fetch failed. Retrying in 2s...
[9/5/2026, 11:01:00 AM] Starting NEPSE scraper...
[9/5/2026, 11:01:00 AM] NEPSE scraper attempt 1/3...
Navigating to https://www.nepalstock.com/ ...
Waiting for element...
Browser closed.
Extracted Value: Market Closed
Connecting to Google Sheets...
Connected to Document: share info
Successfully saved "Market Closed" to 'Report' sheet at B1.
[9/5/2026, 11:35:00 AM] Scheduled Job: Running Promoter Unlock Scraper...
Navigating to Nepse Alpha Promoter Lock-In page...
Error in fetchPromoterUnlockData: page.goto: Timeout 30000ms exceeded.
Call log:
  - navigating to "https://nepsealpha.com/promoter-lock-in", waiting until "networkidle"

    at fetchPromoterUnlockData (/home/yogen/Desktop/workspace/playwrite/meroshare/promoterUnlock.ts:19:20)
    at async Job.job (/home/yogen/Desktop/workspace/playwrite/meroshare/syncService.ts:50:39) {
  name: 'TimeoutError'
}
[9/5/2026, 11:35:34 AM] Scheduled Job Error (Promoter Unlock): page.goto: Timeout 30000ms exceeded.
Call log:
  - navigating to "https://nepsealpha.com/promoter-lock-in", waiting until "networkidle"

[9/5/2026, 11:40:00 AM] Scheduled Job: Running Fundamental Data Scraper...
Navigating to Nepse Alpha Fundamental Info page...
Error in fetchFundamentalData: page.goto: Timeout 30000ms exceeded.
Call log:
  - navigating to "https://www.nepsealpha.com/trading-signals/funda", waiting until "networkidle"

    at fetchFundamentalData (/home/yogen/Desktop/workspace/playwrite/meroshare/fundaScraper.ts:20:20)
    at async Job.job (/home/yogen/Desktop/workspace/playwrite/meroshare/syncService.ts:63:13) {
  name: 'TimeoutError'
}
[9/5/2026, 11:40:31 AM] Scheduled Job Error (Fundamental Data): page.goto: Timeout 30000ms exceeded.
Call log:
  - navigating to "https://www.nepsealpha.com/trading-signals/funda", waiting until "networkidle"

[Network Warning] Transient error encountered: fetch failed. Retrying in 2s...
[9/5/2026, 4:05:00 PM] Starting NEPSE scraper...
[9/5/2026, 4:05:00 PM] NEPSE scraper attempt 1/3...
Navigating to https://www.nepalstock.com/ ...
Waiting for element...
Browser closed.
Extracted Value: Market Closed
Connecting to Google Sheets...
Connected to Document: share info
Successfully saved "Market Closed" to 'Report' sheet at B1.
[Network Warning] Transient error encountered: fetch failed. Retrying in 2s...
[9/6/2026, 11:01:00 AM] Starting NEPSE scraper...
[9/6/2026, 11:01:00 AM] NEPSE scraper attempt 1/3...
Navigating to https://www.nepalstock.com/ ...
Waiting for element...
Browser closed.
Extracted Value: Market Closed
Connecting to Google Sheets...
Connected to Document: share info
Successfully saved "Market Closed" to 'Report' sheet at B1.
[9/6/2026, 11:35:00 AM] Scheduled Job: Running Promoter Unlock Scraper...
Navigating to Nepse Alpha Promoter Lock-In page...
Error in fetchPromoterUnlockData: page.goto: Timeout 30000ms exceeded.
Call log:
  - navigating to "https://nepsealpha.com/promoter-lock-in", waiting until "networkidle"

    at fetchPromoterUnlockData (/home/yogen/Desktop/workspace/playwrite/meroshare/promoterUnlock.ts:19:20)
    at async Job.job (/home/yogen/Desktop/workspace/playwrite/meroshare/syncService.ts:50:39) {
  name: 'TimeoutError'
}
[9/6/2026, 11:35:33 AM] Scheduled Job Error (Promoter Unlock): page.goto: Timeout 30000ms exceeded.
Call log:
  - navigating to "https://nepsealpha.com/promoter-lock-in", waiting until "networkidle"

[9/6/2026, 11:40:00 AM] Scheduled Job: Running Fundamental Data Scraper...
Navigating to Nepse Alpha Fundamental Info page...
Error in fetchFundamentalData: page.goto: Timeout 30000ms exceeded.
Call log:
  - navigating to "https://www.nepsealpha.com/trading-signals/funda", waiting until "networkidle"

    at fetchFundamentalData (/home/yogen/Desktop/workspace/playwrite/meroshare/fundaScraper.ts:20:20)
    at async Job.job (/home/yogen/Desktop/workspace/playwrite/meroshare/syncService.ts:63:13) {
  name: 'TimeoutError'
}
[9/6/2026, 11:40:31 AM] Scheduled Job Error (Fundamental Data): page.goto: Timeout 30000ms exceeded.
Call log:
  - navigating to "https://www.nepsealpha.com/trading-signals/funda", waiting until "networkidle"

[9/6/2026, 4:05:00 PM] Starting NEPSE scraper...
[9/6/2026, 4:05:00 PM] NEPSE scraper attempt 1/3...
Navigating to https://www.nepalstock.com/ ...
Waiting for element...
Browser closed.
Extracted Value: Market Closed
Connecting to Google Sheets...
Connected to Document: share info
Successfully saved "Market Closed" to 'Report' sheet at B1.
[Network Warning] Transient error encountered: fetch failed. Retrying in 2s...
[Network Warning] Transient error encountered: fetch failed. Retrying in 2s...
[Network Warning] Transient error encountered: fetch failed. Retrying in 2s...
[Network Warning] Transient error encountered: fetch failed. Retrying in 2s...
[Network Warning] Transient error encountered: fetch failed. Retrying in 4s...
[Network Warning] Transient error encountered: fetch failed. Retrying in 8s...
Detected command: CHECK_STATUS. Starting process...
Starting status check with concurrency limit: 2
[Yug maharjan] Navigating to Meroshare...
[Yug maharjan] Logging in...
[Yug maharjan] Navigating to MY ASBA for Everest Colour Limited...
Failed execution for user Yug maharjan: locator.waitFor: Target page, context or browser has been closed
Call log:
  - waiting for locator('//*[@id="sideBar"]/nav/ul/li[8]/a') to be visible

    at /home/yogen/Desktop/workspace/playwrite/meroshare/checkStatus.ts:123:38
All status checks completed.
CHECK_STATUS process completed.
Detected command: START_SCHEDULER. Starting scheduler...
Loaded 11 user configuration(s) for scheduling.
[SKIPPED] User Yug maharjan is marked with isApply: false.
[SCHEDULED] IPO Application for Maya chori maharjan set to run at: 9/7/2026, 10:15:00 AM
[SCHEDULED] IPO Application for Jyoti Maharjan set to run at: 9/7/2026, 10:15:00 AM
[SCHEDULED] IPO Application for Macha kaji Maharjan set to run at: 9/7/2026, 10:15:00 AM
[SCHEDULED] IPO Application for Urmila tyata set to run at: 9/7/2026, 10:15:00 AM
[SCHEDULED] IPO Application for Sankha maya tyata set to run at: 9/7/2026, 10:15:00 AM
[SCHEDULED] IPO Application for Shova Maharjan set to run at: 9/7/2026, 10:15:00 AM
[SCHEDULED] IPO Application for Macha raja Maharjan set to run at: 9/7/2026, 10:15:00 AM
[SCHEDULED] IPO Application for Adil Maharjan set to run at: 9/7/2026, 10:15:00 AM
[SCHEDULED] IPO Application for Yogen Maharjan set to run at: 9/7/2026, 10:15:00 AM
[SKIPPED] User  is marked with isApply: false.

Scheduler is running and waiting for events...
Scheduler started via Google Sheets.
Detected command: START_SCHEDULER. Starting scheduler...
Loaded 11 user configuration(s) for scheduling.
[SKIPPED] User Yug maharjan is marked with isApply: false.
[SCHEDULED] IPO Application for Maya chori maharjan set to run at: 9/7/2026, 10:15:00 AM
[SCHEDULED] IPO Application for Jyoti Maharjan set to run at: 9/7/2026, 10:15:00 AM
[SCHEDULED] IPO Application for Macha kaji Maharjan set to run at: 9/7/2026, 10:15:00 AM
[SCHEDULED] IPO Application for Urmila tyata set to run at: 9/7/2026, 10:15:00 AM
[SCHEDULED] IPO Application for Sankha maya tyata set to run at: 9/7/2026, 10:15:00 AM
[SCHEDULED] IPO Application for Shova Maharjan set to run at: 9/7/2026, 10:15:00 AM
[SCHEDULED] IPO Application for Macha raja Maharjan set to run at: 9/7/2026, 10:15:00 AM
[SCHEDULED] IPO Application for Adil Maharjan set to run at: 9/7/2026, 10:15:00 AM
[SCHEDULED] IPO Application for Yogen Maharjan set to run at: 9/7/2026, 10:15:00 AM
[SKIPPED] User  is marked with isApply: false.

Scheduler is running and waiting for events...
Scheduler started via Google Sheets.
                                                                                                                                                                                                                                                                                                                                 
> meroshare@1.0.0 watch-sheets
> npx ts-node --compiler-options '{"module":"commonjs","esModuleInterop":true}' syncService.ts

◇ injected env (7) from .env // tip: ⌘ multiple files { path: ['.env.local', '.env'] }
◇ injected env (0) from .env // tip: ⌘ enable debugging { debug: true }
◇ injected env (0) from .env // tip: ◈ encrypted .env [www.dotenvx.com]
◇ injected env (0) from .env // tip: ⌘ override existing { override: true }
◇ injected env (0) from .env // tip: ⌘ multiple files { path: ['.env.local', '.env'] }
Starting Google Sheets Sync Service...
Connected to Spreadsheet: share info
NEPSE scraper scheduled to run every day at 00 01 11 * * * and 0 05 16 * * *.
Scheduled Promoter Unlock (daily at 35 11 * * *) and Fundamental Data (40 11 * * *) scrapers.
Polling Google Sheets every 30 seconds...
[9/7/2026, 10:16:43 AM] Scheduled time '2026-05-27 11:01:02' is in the past. Will not schedule.
Detected command: START_SCHEDULER. Starting scheduler...
Loaded 11 user configuration(s) for scheduling.
[SCHEDULED] IPO Application for Yug maharjan set to run at: 9/7/2026, 10:20:00 AM
[SKIPPED] User Maya chori maharjan is marked with isApply: false.
[SKIPPED] User Jyoti Maharjan is marked with isApply: false.
[SKIPPED] User Macha kaji Maharjan is marked with isApply: false.
[SKIPPED] User Urmila tyata is marked with isApply: false.
[SKIPPED] User Sankha maya tyata is marked with isApply: false.
[SKIPPED] User Shova Maharjan is marked with isApply: false.
[SKIPPED] User Macha raja Maharjan is marked with isApply: false.
[SKIPPED] User Adil Maharjan is marked with isApply: false.
[SKIPPED] User Yogen Maharjan is marked with isApply: false.
[SKIPPED] User  is marked with isApply: false.

Scheduler is running and waiting for events...
Scheduler started via Google Sheets.

================================
[STARTING TASK] Executing scheduled application for Yug maharjan at 9/7/2026, 10:20:00 AM
================================

Starting automation for user: 2831033...
Navigating to Meroshare...
Logging in...
Clicking on sidebar item (My ASBA)...
Scanning list for "Ordinary Shares" with an "Apply" button...
Clicked apply button successfully.
Filling out the application form...
Waiting for verification pause...
Clicking the proceed button...
Entering transaction PIN...
Clicking the final Apply button...
The application has been successfully submitted!
Closing browser...
Connected to Spreadsheet: share info
[SUCCESS] Updated Google Sheet for Yug maharjan: marked as IPO applied.
Detected command: START_SCHEDULER. Starting scheduler...
Loaded 10 user configuration(s) for scheduling.
[SKIPPED] User Yug maharjan is marked with isApply: false.
[SCHEDULED] IPO Application for Maya chori maharjan set to run at: 9/7/2026, 6:00:00 PM
[SCHEDULED] IPO Application for Jyoti Maharjan set to run at: 9/8/2026, 6:15:00 AM
[SCHEDULED] IPO Application for Macha kaji Maharjan set to run at: 9/8/2026, 1:15:00 PM
[SCHEDULED] IPO Application for Urmila tyata set to run at: 9/8/2026, 11:15:00 PM
[SCHEDULED] IPO Application for Sankha maya tyata set to run at: 9/9/2026, 6:15:00 AM
[SCHEDULED] IPO Application for Shova Maharjan set to run at: 9/9/2026, 11:15:00 AM
[SCHEDULED] IPO Application for Macha raja Maharjan set to run at: 9/9/2026, 8:15:00 PM
[SCHEDULED] IPO Application for Adil Maharjan set to run at: 9/10/2026, 3:15:00 AM
[SCHEDULED] IPO Application for Yogen Maharjan set to run at: 9/10/2026, 1:15:00 PM

Scheduler is running and waiting for events...
Scheduler started via Google Sheets.
Detected command: CHECK_STATUS. Starting process...
Starting status check with concurrency limit: 2
[Yug maharjan] Navigating to Meroshare...
[Yug maharjan] Logging in...
[Yug maharjan] Navigating to MY ASBA for Beni Hydropower Project Limited...
[Yug maharjan] Extracting status for Beni Hydropower Project Limited...
[Yug maharjan] Status for Beni Hydropower Project Limited: Unverified
All status checks completed.
CHECK_STATUS process completed.
Detected command: START_SCHEDULER. Starting scheduler...
Loaded 10 user configuration(s) for scheduling.
[SKIPPED] User Yug maharjan is marked with isApply: false.
[SCHEDULED] IPO Application for Maya chori maharjan set to run at: 9/7/2026, 6:00:00 PM
[SCHEDULED] IPO Application for Jyoti Maharjan set to run at: 9/8/2026, 6:15:00 AM
[SCHEDULED] IPO Application for Macha kaji Maharjan set to run at: 9/8/2026, 1:15:00 PM
[SCHEDULED] IPO Application for Urmila tyata set to run at: 9/8/2026, 11:15:00 PM
[SCHEDULED] IPO Application for Sankha maya tyata set to run at: 9/9/2026, 6:15:00 AM
[SCHEDULED] IPO Application for Shova Maharjan set to run at: 9/9/2026, 11:15:00 AM
[SCHEDULED] IPO Application for Macha raja Maharjan set to run at: 9/9/2026, 8:15:00 PM
[SCHEDULED] IPO Application for Adil Maharjan set to run at: 9/10/2026, 3:15:00 AM
[SCHEDULED] IPO Application for Yogen Maharjan set to run at: 9/10/2026, 1:15:00 PM

Scheduler is running and waiting for events...
Scheduler started via Google Sheets.
[9/7/2026, 11:01:00 AM] Starting NEPSE scraper...
[9/7/2026, 11:01:00 AM] NEPSE scraper attempt 1/3...
Navigating to https://www.nepalstock.com/ ...
Waiting for element...
Browser closed.
Extracted Value: Live Market
Connecting to Google Sheets...
Connected to Document: share info
Successfully saved "Live Market" to 'Report' sheet at B1.
[Network Warning] Transient error encountered: fetch failed. Retrying in 2s...
[Network Warning] Transient error encountered: fetch failed. Retrying in 4s...
[Network Warning] Transient error encountered: fetch failed. Retrying in 8s...
[9/7/2026, 11:41:35 AM] Scheduled Job: Running Promoter Unlock Scraper...
[9/7/2026, 11:41:35 AM] Scheduled Job: Running Fundamental Data Scraper...
Navigating to Nepse Alpha Promoter Lock-In page...
Navigating to Nepse Alpha Fundamental Info page...
Clicking "Next 3 Months" button...
Waiting for table to refresh data...
Detected headers: Symbol, Listed In NEPSE, LTP, Share Outstanding, Shares Floated, Promoter Shares, Promoter Lock-In Till, Locked Share, MF & Others Lock-In Till, Price Before 1 Month, Price After 1 Month
Successfully extracted 7 rows.
[9/7/2026, 11:41:51 AM] Scheduled Job: Promoter Unlock Scraper completed successfully.
Setting table length to 1000...
Extracting data from funda-table...
Detected headers: Symbol, Ratios Summary, Financial Strength, Sector, Daily Gain, LTP, PE, PB, ROE, ROA, PEG, Discount From Graham Number, PE vs Sector, PB vs Sector, PEG vs Sector, Dividend Yield vs Sector, ROE Vs Sector, YOY Growth Vs Sector, QOQ Growth Vs Sector, ROA Vs Sector, Dividend Yield, Payout Ratio
Extracting data from page 1...
Extracted 100 rows from page 1.
Moving to next page...
Extracting data from page 2...
Extracted 100 rows from page 2.
Moving to next page...
Extracting data from page 3...
Extracted 83 rows from page 3.
Reached the last page.
Successfully extracted a total of 283 rows.
Saving data to Google Sheets...
Connected to Spreadsheet: share info
Successfully saved data to Google Sheets tab "fundamentalInfo"
[9/7/2026, 11:42:06 AM] Scheduled Job: Fundamental Data Scraper completed successfully.
[Network Warning] Transient error encountered: Request failed with status code 502 Bad Gateway: POST https://sheets.googleapis.com/v4/spreadsheets/1lv6yqKJG0GteIrlGPONtOXDW28h5KSCjg7xzph6yUw4/:getByDataFilter. Retrying in 2s...
[9/7/2026, 4:05:00 PM] Starting NEPSE scraper...
[9/7/2026, 4:05:00 PM] NEPSE scraper attempt 1/3...
Navigating to https://www.nepalstock.com/ ...
Waiting for element...
Browser closed.
Extracted Value: Market Closed
Connecting to Google Sheets...
Connected to Document: share info
Successfully saved "Market Closed" to 'Report' sheet at B1.

================================
[STARTING TASK] Executing scheduled application for Maya chori maharjan at 9/7/2026, 6:00:00 PM
================================

Starting automation for user: 490863...

================================
[STARTING TASK] Executing scheduled application for Maya chori maharjan at 9/7/2026, 6:00:00 PM
================================

Starting automation for user: 490863...
Navigating to Meroshare...
Navigating to Meroshare...
White screen or failed to load. Reloading...
White screen or failed to load. Reloading...
Logging in...
Logging in...
Clicking on sidebar item (My ASBA)...
Clicking on sidebar item (My ASBA)...
Scanning list for "Ordinary Shares" with an "Apply" button...
Clicked apply button successfully.
Filling out the application form...
Waiting for verification pause...
An error occurred during automation: locator.waitFor: Timeout 15000ms exceeded.
Call log:
  - waiting for locator('//*[@id="sideBar"]/nav/ul/li[8]/a') to be visible

    at runAutomation (/home/yogen/Desktop/workspace/playwrite/meroshare/automate.ts:66:22)
    at async Job.job (/home/yogen/Desktop/workspace/playwrite/meroshare/scheduler.ts:49:9) {
  name: 'TimeoutError'
}
Closing browser...
Execution failed for Maya chori maharjan: locator.waitFor: Timeout 15000ms exceeded.
Call log:
  - waiting for locator('//*[@id="sideBar"]/nav/ul/li[8]/a') to be visible

    at runAutomation (/home/yogen/Desktop/workspace/playwrite/meroshare/automate.ts:66:22)
    at async Job.job (/home/yogen/Desktop/workspace/playwrite/meroshare/scheduler.ts:49:9) {
  name: 'TimeoutError'
}
Connected to Spreadsheet: share info
[FAILED] Updated Google Sheet for Maya chori maharjan: marked as IPO applied failed.
Clicking the proceed button...
Entering transaction PIN...
Clicking the final Apply button...
The application has been successfully submitted!
Closing browser...
Connected to Spreadsheet: share info
[SUCCESS] Updated Google Sheet for Maya chori maharjan: marked as IPO applied.

================================
[STARTING TASK] Executing scheduled application for Jyoti Maharjan at 9/8/2026, 6:15:00 AM
================================

Starting automation for user: 489241...

================================
[STARTING TASK] Executing scheduled application for Jyoti Maharjan at 9/8/2026, 6:15:00 AM
================================

Starting automation for user: 489241...
Navigating to Meroshare...
Navigating to Meroshare...
White screen or failed to load. Reloading...
White screen or failed to load. Reloading...
Logging in...
Logging in...
Clicking on sidebar item (My ASBA)...
Clicking on sidebar item (My ASBA)...
An error occurred during automation: locator.waitFor: Timeout 15000ms exceeded.
Call log:
  - waiting for locator('//*[@id="sideBar"]/nav/ul/li[8]/a') to be visible

    at runAutomation (/home/yogen/Desktop/workspace/playwrite/meroshare/automate.ts:66:22)
    at async Job.job (/home/yogen/Desktop/workspace/playwrite/meroshare/scheduler.ts:49:9) {
  name: 'TimeoutError'
}
Closing browser...
Execution failed for Jyoti Maharjan: locator.waitFor: Timeout 15000ms exceeded.
Call log:
  - waiting for locator('//*[@id="sideBar"]/nav/ul/li[8]/a') to be visible

    at runAutomation (/home/yogen/Desktop/workspace/playwrite/meroshare/automate.ts:66:22)
    at async Job.job (/home/yogen/Desktop/workspace/playwrite/meroshare/scheduler.ts:49:9) {
  name: 'TimeoutError'
}
An error occurred during automation: locator.waitFor: Timeout 15000ms exceeded.
Call log:
  - waiting for locator('//*[@id="sideBar"]/nav/ul/li[8]/a') to be visible

    at runAutomation (/home/yogen/Desktop/workspace/playwrite/meroshare/automate.ts:66:22)
    at async Job.job (/home/yogen/Desktop/workspace/playwrite/meroshare/scheduler.ts:49:9) {
  name: 'TimeoutError'
}
Closing browser...
Connected to Spreadsheet: share info
Execution failed for Jyoti Maharjan: locator.waitFor: Timeout 15000ms exceeded.
Call log:
  - waiting for locator('//*[@id="sideBar"]/nav/ul/li[8]/a') to be visible

    at runAutomation (/home/yogen/Desktop/workspace/playwrite/meroshare/automate.ts:66:22)
    at async Job.job (/home/yogen/Desktop/workspace/playwrite/meroshare/scheduler.ts:49:9) {
  name: 'TimeoutError'
}
Connected to Spreadsheet: share info
[FAILED] Updated Google Sheet for Jyoti Maharjan: marked as IPO applied failed.
[FAILED] Updated Google Sheet for Jyoti Maharjan: marked as IPO applied failed.
Detected command: CHECK_STATUS. Starting process...
Starting status check with concurrency limit: 2
[Urmila tyata] Navigating to Meroshare...
[Macha kaji Maharjan] Navigating to Meroshare...
[Macha kaji Maharjan] White screen or failed to load. Reloading...
Failed execution for user Urmila tyata: keyboard.type: Target page, context or browser has been closed
    at humanType (/home/yogen/Desktop/workspace/playwrite/meroshare/humanUtils.ts:17:29)
    at async login (/home/yogen/Desktop/workspace/playwrite/meroshare/checkStatus.ts:69:5)
    at async /home/yogen/Desktop/workspace/playwrite/meroshare/checkStatus.ts:115:17
[Sankha maya tyata] Navigating to Meroshare...
Failed execution for user Sankha maya tyata: page.goto: Target page, context or browser has been closed
Call log:
  - navigating to "https://meroshare.cdsc.com.np/", waiting until "networkidle"

    at login (/home/yogen/Desktop/workspace/playwrite/meroshare/checkStatus.ts:44:20)
    at /home/yogen/Desktop/workspace/playwrite/meroshare/checkStatus.ts:115:23
[Shova Maharjan] Navigating to Meroshare...
Failed execution for user Shova Maharjan: page.goto: Target page, context or browser has been closed
Call log:
  - navigating to "https://meroshare.cdsc.com.np/", waiting until "networkidle"

    at login (/home/yogen/Desktop/workspace/playwrite/meroshare/checkStatus.ts:44:20)
    at /home/yogen/Desktop/workspace/playwrite/meroshare/checkStatus.ts:115:23
[Macha raja Maharjan] Navigating to Meroshare...
Failed execution for user Macha raja Maharjan: page.goto: Target page, context or browser has been closed
Call log:
  - navigating to "https://meroshare.cdsc.com.np/", waiting until "networkidle"

    at login (/home/yogen/Desktop/workspace/playwrite/meroshare/checkStatus.ts:44:20)
    at /home/yogen/Desktop/workspace/playwrite/meroshare/checkStatus.ts:115:23
[Adil Maharjan] Navigating to Meroshare...
Failed execution for user Adil Maharjan: page.goto: Target page, context or browser has been closed
Call log:
  - navigating to "https://meroshare.cdsc.com.np/", waiting until "networkidle"

    at login (/home/yogen/Desktop/workspace/playwrite/meroshare/checkStatus.ts:44:20)
    at /home/yogen/Desktop/workspace/playwrite/meroshare/checkStatus.ts:115:23
[Yogen Maharjan] Navigating to Meroshare...
Failed execution for user Yogen Maharjan: page.goto: Target page, context or browser has been closed
Call log:
  - navigating to "https://meroshare.cdsc.com.np/", waiting until "networkidle"

    at login (/home/yogen/Desktop/workspace/playwrite/meroshare/checkStatus.ts:44:20)
    at /home/yogen/Desktop/workspace/playwrite/meroshare/checkStatus.ts:115:23
[Macha kaji Maharjan] Logging in...
Failed execution for user Macha kaji Maharjan: locator.hover: Target page, context or browser has been closed
Call log:
  - waiting for locator('button[type="submit"]').filter({ hasText: 'Login' })
    - locator resolved to <button type="submit" _ngcontent-c0="" class="btn sign-in">Login</button>
  - attempting hover action
    - waiting for element to be visible and stable

    at humanClick (/home/yogen/Desktop/workspace/playwrite/meroshare/humanUtils.ts:26:19)
    at login (/home/yogen/Desktop/workspace/playwrite/meroshare/checkStatus.ts:75:21)
    at async /home/yogen/Desktop/workspace/playwrite/meroshare/checkStatus.ts:115:17
All status checks completed.
CHECK_STATUS process completed.
Terminated

> meroshare@1.0.0 watch-sheets
> npx ts-node --compiler-options '{"module":"commonjs","esModuleInterop":true}' syncService.ts

◇ injected env (7) from .env // tip: ◈ encrypted .env [www.dotenvx.com]
◇ injected env (0) from .env // tip: ⌁ auth for agents [www.vestauth.com]
◇ injected env (0) from .env // tip: ⌘ multiple files { path: ['.env.local', '.env'] }
◇ injected env (0) from .env // tip: ⌘ enable debugging { debug: true }
◇ injected env (0) from .env // tip: ⌘ override existing { override: true }
Starting Google Sheets Sync Service...
Connected to Spreadsheet: share info
NEPSE scraper scheduled to run every day at 00 01 11 * * * and 0 05 16 * * *.
Scheduled Promoter Unlock (daily at 35 11 * * *) and Fundamental Data (40 11 * * *) scrapers.
Polling Google Sheets every 30 seconds...
[9/8/2026, 9:47:42 AM] Scheduled time '2026-05-27 11:01:02' is in the past. Will not schedule.

> meroshare@1.0.0 watch-sheets
> npx ts-node --compiler-options '{"module":"commonjs","esModuleInterop":true}' syncService.ts

◇ injected env (7) from .env // tip: ⌁ auth for agents [www.vestauth.com]
◇ injected env (0) from .env // tip: ⌘ custom filepath { path: '/custom/path/.env' }
◇ injected env (0) from .env // tip: ⌘ suppress logs { quiet: true }
◇ injected env (0) from .env // tip: ◈ encrypted .env [www.dotenvx.com]
◇ injected env (0) from .env // tip: ⌁ auth for agents [www.vestauth.com]
Starting Google Sheets Sync Service...
Connected to Spreadsheet: share info
NEPSE scraper scheduled to run every day at 00 01 11 * * * and 0 05 16 * * *.
Scheduled Promoter Unlock (daily at 35 11 * * *) and Fundamental Data (40 11 * * *) scrapers.
Polling Google Sheets every 30 seconds...
[9/8/2026, 9:50:38 AM] Scheduled time '2026-05-27 11:01:02' is in the past. Will not schedule.
Detected command: START_SCHEDULER. Starting scheduler...
Loaded 10 user configuration(s) for scheduling.
[SKIPPED] User Yug maharjan is marked with isApply: false.
[SKIPPED] User Maya chori maharjan is marked with isApply: false.
[SKIPPED] User Jyoti Maharjan is marked with isApply: false.
[SCHEDULED] IPO Application for Macha kaji Maharjan set to run at: 9/8/2026, 6:20:00 PM
[SCHEDULED] IPO Application for Urmila tyata set to run at: 9/9/2026, 2:20:00 AM
[SCHEDULED] IPO Application for Sankha maya tyata set to run at: 9/9/2026, 10:20:00 AM
[SCHEDULED] IPO Application for Shova Maharjan set to run at: 9/9/2026, 6:20:00 PM
[SCHEDULED] IPO Application for Macha raja Maharjan set to run at: 9/10/2026, 2:20:00 AM
[SCHEDULED] IPO Application for Adil Maharjan set to run at: 9/10/2026, 10:20:00 AM
[SCHEDULED] IPO Application for Yogen Maharjan set to run at: 9/10/2026, 6:20:00 PM

Scheduler is running and waiting for events...
Scheduler started via Google Sheets.
Detected command: CHECK_STATUS. Starting process...
[CHECK_STATUS] Found 10 total users in sheet; 3 user(s) have Column L set to TRUE.
Starting status check with concurrency limit: 2
[Maya chori maharjan] Navigating to Meroshare...
[Yug maharjan] Navigating to Meroshare...
[Maya chori maharjan] White screen or failed to load. Reloading...
[Yug maharjan] White screen or failed to load. Reloading...
[Maya chori maharjan] Logging in...
[Yug maharjan] Logging in...
[Maya chori maharjan] Navigating to MY ASBA for Beni Hydropower Project Limited...
[Yug maharjan] Navigating to MY ASBA for Beni Hydropower Project Limited...
[Maya chori maharjan] Extracting status for Beni Hydropower Project Limited...
[Yug maharjan] Extracting status for Beni Hydropower Project Limited...
[Maya chori maharjan] Status for Beni Hydropower Project Limited: Unverified
[Jyoti Maharjan] Navigating to Meroshare...
[Yug maharjan] Status for Beni Hydropower Project Limited: Verified
[Jyoti Maharjan] Logging in...
[Jyoti Maharjan] Navigating to MY ASBA for Beni Hydropower Project Limited...
[Jyoti Maharjan] Extracting status for Beni Hydropower Project Limited...
[Jyoti Maharjan] Status for Beni Hydropower Project Limited: Unverified
All status checks completed.
CHECK_STATUS process completed.
[9/8/2026, 11:01:00 AM] Starting NEPSE scraper...
[9/8/2026, 11:01:00 AM] NEPSE scraper attempt 1/3...
Navigating to https://www.nepalstock.com/ ...
Waiting for element...
Browser closed.
Extracted Value: Market Closed
Connecting to Google Sheets...
Connected to Document: share info
Successfully saved "Market Closed" to 'Report' sheet at B1.
[9/8/2026, 11:35:00 AM] Scheduled Job: Running Promoter Unlock Scraper...
Navigating to Nepse Alpha Promoter Lock-In page...
Clicking "Next 3 Months" button...
Waiting for table to refresh data...
Detected headers: Symbol, Listed In NEPSE, LTP, Share Outstanding, Shares Floated, Promoter Shares, Promoter Lock-In Till, Locked Share, MF & Others Lock-In Till, Price Before 1 Month, Price After 1 Month
Successfully extracted 7 rows.
[9/8/2026, 11:35:22 AM] Scheduled Job: Promoter Unlock Scraper completed successfully.
[9/8/2026, 11:40:00 AM] Scheduled Job: Running Fundamental Data Scraper...
Navigating to Nepse Alpha Fundamental Info page...
Setting table length to 1000...
Extracting data from funda-table...
Detected headers: Symbol, Ratios Summary, Financial Strength, Sector, Daily Gain, LTP, PE, PB, ROE, ROA, PEG, Discount From Graham Number, PE vs Sector, PB vs Sector, PEG vs Sector, Dividend Yield vs Sector, ROE Vs Sector, YOY Growth Vs Sector, QOQ Growth Vs Sector, ROA Vs Sector, Dividend Yield, Payout Ratio
Extracting data from page 1...
Extracted 100 rows from page 1.
Moving to next page...
Extracting data from page 2...
Extracted 100 rows from page 2.
Moving to next page...
Extracting data from page 3...
Extracted 83 rows from page 3.
Reached the last page.
Successfully extracted a total of 283 rows.
Saving data to Google Sheets...
Connected to Spreadsheet: share info
Successfully saved data to Google Sheets tab "fundamentalInfo"
[9/8/2026, 11:40:20 AM] Scheduled Job: Fundamental Data Scraper completed successfully.
Error handling TMS scheduled time: Request timed out: POST https://sheets.googleapis.com/v4/spreadsheets/1lv6yqKJG0GteIrlGPONtOXDW28h5KSCjg7xzph6yUw4/:getByDataFilter
[9/8/2026, 4:05:00 PM] Starting NEPSE scraper...
[9/8/2026, 4:05:00 PM] NEPSE scraper attempt 1/3...
Navigating to https://www.nepalstock.com/ ...
Waiting for element...
Browser closed.
Extracted Value: Market Closed
Connecting to Google Sheets...
Connected to Document: share info
Successfully saved "Market Closed" to 'Report' sheet at B1.
[Network Warning] Transient error encountered: fetch failed. Retrying in 2s...

================================
[STARTING TASK] Executing scheduled application for Macha kaji Maharjan at 9/8/2026, 6:20:00 PM
================================

Starting automation for user: 486882...
Navigating to Meroshare...
Logging in...
Clicking on sidebar item (My ASBA)...
Scanning list for "Ordinary Shares" with an "Apply" button...
Clicked apply button successfully.
Filling out the application form...
Waiting for verification pause...
Clicking the proceed button...
Entering transaction PIN...
Clicking the final Apply button...
The application has been successfully submitted!
Closing browser...
Connected to Spreadsheet: share info
[SUCCESS] Updated Google Sheet for Macha kaji Maharjan: marked as IPO applied.
[Network Warning] Transient error encountered: fetch failed. Retrying in 2s...

================================
[STARTING TASK] Executing scheduled application for Urmila tyata at 9/9/2026, 2:20:00 AM
================================

Starting automation for user: 72420...
Navigating to Meroshare...
Logging in...
Clicking on sidebar item (My ASBA)...
Scanning list for "Ordinary Shares" with an "Apply" button...
Clicked apply button successfully.
Filling out the application form...
Waiting for verification pause...
Clicking the proceed button...
Entering transaction PIN...
Clicking the final Apply button...
The application has been successfully submitted!
Closing browser...
Connected to Spreadsheet: share info
[SUCCESS] Updated Google Sheet for Urmila tyata: marked as IPO applied.
[Network Warning] Transient error encountered: Google API error - [503] The service is currently unavailable.. Retrying in 2s...
Detected command: CHECK_STATUS. Starting process...
[CHECK_STATUS] Found 10 total users in sheet; 5 user(s) have Column L set to TRUE.
Starting status check with concurrency limit: 2
[Yug maharjan] Navigating to Meroshare...
[Maya chori maharjan] Navigating to Meroshare...
[Yug maharjan] White screen or failed to load. Reloading...
[Maya chori maharjan] White screen or failed to load. Reloading...
[Maya chori maharjan] Logging in...
[Yug maharjan] Logging in...
[Maya chori maharjan] Navigating to MY ASBA for Beni Hydropower Project Limited...
[Yug maharjan] Navigating to MY ASBA for Beni Hydropower Project Limited...
[Maya chori maharjan] Extracting status for Beni Hydropower Project Limited...
[Yug maharjan] Extracting status for Beni Hydropower Project Limited...
[Maya chori maharjan] Status for Beni Hydropower Project Limited: Unverified
[Yug maharjan] Status for Beni Hydropower Project Limited: Verified
[Jyoti Maharjan] Navigating to Meroshare...
[Macha kaji Maharjan] Navigating to Meroshare...
[Macha kaji Maharjan] White screen or failed to load. Reloading...
[Jyoti Maharjan] Logging in...
[Macha kaji Maharjan] Logging in...
[Jyoti Maharjan] Navigating to MY ASBA for Beni Hydropower Project Limited...
[Macha kaji Maharjan] Navigating to MY ASBA for Beni Hydropower Project Limited...
[Jyoti Maharjan] Extracting status for Beni Hydropower Project Limited...
[Jyoti Maharjan] Status for Beni Hydropower Project Limited: Unverified
[Urmila tyata] Navigating to Meroshare...
[Macha kaji Maharjan] Extracting status for Beni Hydropower Project Limited...
[Macha kaji Maharjan] Status for Beni Hydropower Project Limited: Unverified
[Urmila tyata] Logging in...
[Urmila tyata] Navigating to MY ASBA for Beni Hydropower Project Limited...
[Urmila tyata] Extracting status for Beni Hydropower Project Limited...
[Urmila tyata] Status for Beni Hydropower Project Limited: Unverified
All status checks completed.
CHECK_STATUS process completed.

================================
[STARTING TASK] Executing scheduled application for Sankha maya tyata at 9/9/2026, 10:20:00 AM
================================

Starting automation for user: 72401...
Navigating to Meroshare...
Logging in...
Clicking on sidebar item (My ASBA)...
An error occurred during automation: locator.waitFor: Timeout 15000ms exceeded.
Call log:
  - waiting for locator('//*[@id="sideBar"]/nav/ul/li[8]/a') to be visible

    at runAutomation (/home/yogen/Desktop/workspace/playwrite/meroshare/automate.ts:66:22)
    at async Job.job (/home/yogen/Desktop/workspace/playwrite/meroshare/scheduler.ts:49:9) {
  name: 'TimeoutError'
}
Closing browser...
Execution failed for Sankha maya tyata: locator.waitFor: Timeout 15000ms exceeded.
Call log:
  - waiting for locator('//*[@id="sideBar"]/nav/ul/li[8]/a') to be visible

    at runAutomation (/home/yogen/Desktop/workspace/playwrite/meroshare/automate.ts:66:22)
    at async Job.job (/home/yogen/Desktop/workspace/playwrite/meroshare/scheduler.ts:49:9) {
  name: 'TimeoutError'
}
Connected to Spreadsheet: share info
[FAILED] Updated Google Sheet for Sankha maya tyata: marked as IPO applied failed.
[9/9/2026, 11:01:02 AM] Starting NEPSE scraper...
[9/9/2026, 11:01:02 AM] NEPSE scraper attempt 1/3...
Navigating to https://www.nepalstock.com/ ...
Waiting for element...
Browser closed.
Extracted Value: Live Market
Connecting to Google Sheets...
Connected to Document: share info
Successfully saved "Live Market" to 'Report' sheet at B1.
[9/9/2026, 11:35:00 AM] Scheduled Job: Running Promoter Unlock Scraper...
Navigating to Nepse Alpha Promoter Lock-In page...
Clicking "Next 3 Months" button...
Waiting for table to refresh data...
Detected headers: Symbol, Listed In NEPSE, LTP, Share Outstanding, Shares Floated, Promoter Shares, Promoter Lock-In Till, Locked Share, MF & Others Lock-In Till, Price Before 1 Month, Price After 1 Month
Successfully extracted 7 rows.
[9/9/2026, 11:35:19 AM] Scheduled Job: Promoter Unlock Scraper completed successfully.
[9/9/2026, 11:40:00 AM] Scheduled Job: Running Fundamental Data Scraper...
Navigating to Nepse Alpha Fundamental Info page...
Setting table length to 1000...
Extracting data from funda-table...
Detected headers: Symbol, Ratios Summary, Financial Strength, Sector, Daily Gain, LTP, PE, PB, ROE, ROA, PEG, Discount From Graham Number, PE vs Sector, PB vs Sector, PEG vs Sector, Dividend Yield vs Sector, ROE Vs Sector, YOY Growth Vs Sector, QOQ Growth Vs Sector, ROA Vs Sector, Dividend Yield, Payout Ratio
Extracting data from page 1...
Extracted 100 rows from page 1.
Moving to next page...
Extracting data from page 2...
Extracted 100 rows from page 2.
Moving to next page...
Extracting data from page 3...
Extracted 83 rows from page 3.
Reached the last page.
Successfully extracted a total of 283 rows.
Saving data to Google Sheets...
Connected to Spreadsheet: share info
Successfully saved data to Google Sheets tab "fundamentalInfo"
[9/9/2026, 11:40:19 AM] Scheduled Job: Fundamental Data Scraper completed successfully.
[Network Warning] Transient error encountered: Google API error - [503] The service is currently unavailable.. Retrying in 2s...
[9/9/2026, 4:05:00 PM] Starting NEPSE scraper...
[9/9/2026, 4:05:00 PM] NEPSE scraper attempt 1/3...
Navigating to https://www.nepalstock.com/ ...
Waiting for element...
Browser closed.
Extracted Value: Market Closed
Connecting to Google Sheets...
Connected to Document: share info
Successfully saved "Market Closed" to 'Report' sheet at B1.

================================
[STARTING TASK] Executing scheduled application for Shova Maharjan at 9/9/2026, 6:20:00 PM
================================

Starting automation for user: 1085371...
Navigating to Meroshare...
Logging in...
Clicking on sidebar item (My ASBA)...
An error occurred during automation: locator.waitFor: Timeout 15000ms exceeded.
Call log:
  - waiting for locator('//*[@id="sideBar"]/nav/ul/li[8]/a') to be visible

    at runAutomation (/home/yogen/Desktop/workspace/playwrite/meroshare/automate.ts:66:22)
    at async Job.job (/home/yogen/Desktop/workspace/playwrite/meroshare/scheduler.ts:49:9) {
  name: 'TimeoutError'
}
Closing browser...
Execution failed for Shova Maharjan: locator.waitFor: Timeout 15000ms exceeded.
Call log:
  - waiting for locator('//*[@id="sideBar"]/nav/ul/li[8]/a') to be visible

    at runAutomation (/home/yogen/Desktop/workspace/playwrite/meroshare/automate.ts:66:22)
    at async Job.job (/home/yogen/Desktop/workspace/playwrite/meroshare/scheduler.ts:49:9) {
  name: 'TimeoutError'
}
Connected to Spreadsheet: share info
[FAILED] Updated Google Sheet for Shova Maharjan: marked as IPO applied failed.
[Network Warning] Transient error encountered: fetch failed. Retrying in 2s...

================================
[STARTING TASK] Executing scheduled application for Macha raja Maharjan at 9/10/2026, 2:20:00 AM
================================

Starting automation for user: 1058867...
Navigating to Meroshare...
Logging in...
Clicking on sidebar item (My ASBA)...
An error occurred during automation: locator.waitFor: Timeout 15000ms exceeded.
Call log:
  - waiting for locator('//*[@id="sideBar"]/nav/ul/li[8]/a') to be visible

    at runAutomation (/home/yogen/Desktop/workspace/playwrite/meroshare/automate.ts:66:22)
    at async Job.job (/home/yogen/Desktop/workspace/playwrite/meroshare/scheduler.ts:49:9) {
  name: 'TimeoutError'
}
Closing browser...
Execution failed for Macha raja Maharjan: locator.waitFor: Timeout 15000ms exceeded.
Call log:
  - waiting for locator('//*[@id="sideBar"]/nav/ul/li[8]/a') to be visible

    at runAutomation (/home/yogen/Desktop/workspace/playwrite/meroshare/automate.ts:66:22)
    at async Job.job (/home/yogen/Desktop/workspace/playwrite/meroshare/scheduler.ts:49:9) {
  name: 'TimeoutError'
}
Connected to Spreadsheet: share info
[FAILED] Updated Google Sheet for Macha raja Maharjan: marked as IPO applied failed.
Detected command: START_SCHEDULER. Starting scheduler...
Loaded 10 user configuration(s) for scheduling.
[SKIPPED] User Yug maharjan is marked with isApply: false.
[SKIPPED] User Maya chori maharjan is marked with isApply: false.
[SKIPPED] User Jyoti Maharjan is marked with isApply: false.
[SKIPPED] User Macha kaji Maharjan is marked with isApply: false.
[SKIPPED] User Urmila tyata is marked with isApply: false.
[SCHEDULED] IPO Application for Sankha maya tyata set to run at: 9/10/2026, 10:20:00 AM
[SCHEDULED] IPO Application for Shova Maharjan set to run at: 9/10/2026, 2:20:00 PM
[SCHEDULED] IPO Application for Macha raja Maharjan set to run at: 9/10/2026, 11:20:00 PM
[SCHEDULED] IPO Application for Adil Maharjan set to run at: 9/10/2026, 8:20:00 PM
[SCHEDULED] IPO Application for Yogen Maharjan set to run at: 9/11/2026, 2:20:00 AM

Scheduler is running and waiting for events...
Scheduler started via Google Sheets.

================================
[STARTING TASK] Executing scheduled application for Sankha maya tyata at 9/10/2026, 10:20:00 AM
================================

Starting automation for user: 72401...

================================
[STARTING TASK] Executing scheduled application for Adil Maharjan at 9/10/2026, 10:20:00 AM
================================

Starting automation for user: 295183...
Navigating to Meroshare...
Navigating to Meroshare...
White screen or failed to load. Reloading...
White screen or failed to load. Reloading...
Logging in...
Logging in...
Clicking on sidebar item (My ASBA)...
Clicking on sidebar item (My ASBA)...
Scanning list for "Ordinary Shares" with an "Apply" button...
Clicked apply button successfully.
Filling out the application form...
Waiting for verification pause...
An error occurred during automation: locator.waitFor: Timeout 15000ms exceeded.
Call log:
  - waiting for locator('//*[@id="sideBar"]/nav/ul/li[8]/a') to be visible

    at runAutomation (/home/yogen/Desktop/workspace/playwrite/meroshare/automate.ts:66:22)
    at async Job.job (/home/yogen/Desktop/workspace/playwrite/meroshare/scheduler.ts:49:9) {
  name: 'TimeoutError'
}
Closing browser...
Execution failed for Adil Maharjan: locator.waitFor: Timeout 15000ms exceeded.
Call log:
  - waiting for locator('//*[@id="sideBar"]/nav/ul/li[8]/a') to be visible

    at runAutomation (/home/yogen/Desktop/workspace/playwrite/meroshare/automate.ts:66:22)
    at async Job.job (/home/yogen/Desktop/workspace/playwrite/meroshare/scheduler.ts:49:9) {
  name: 'TimeoutError'
}
Connected to Spreadsheet: share info
Clicking the proceed button...
[FAILED] Updated Google Sheet for Adil Maharjan: marked as IPO applied failed.
Entering transaction PIN...
Clicking the final Apply button...
The application has been successfully submitted!
Closing browser...
Connected to Spreadsheet: share info
[SUCCESS] Updated Google Sheet for Sankha maya tyata: marked as IPO applied.
[9/10/2026, 11:01:00 AM] Starting NEPSE scraper...
[9/10/2026, 11:01:00 AM] NEPSE scraper attempt 1/3...
Navigating to https://www.nepalstock.com/ ...
Waiting for element...
Browser closed.
Extracted Value: Live Market
Connecting to Google Sheets...
Connected to Document: share info
Successfully saved "Live Market" to 'Report' sheet at B1.
[9/10/2026, 11:35:00 AM] Scheduled Job: Running Promoter Unlock Scraper...
Navigating to Nepse Alpha Promoter Lock-In page...
Error in fetchPromoterUnlockData: page.goto: Timeout 30000ms exceeded.
Call log:
  - navigating to "https://nepsealpha.com/promoter-lock-in", waiting until "networkidle"

    at fetchPromoterUnlockData (/home/yogen/Desktop/workspace/playwrite/meroshare/promoterUnlock.ts:19:20)
    at async Job.job (/home/yogen/Desktop/workspace/playwrite/meroshare/syncService.ts:50:39) {
  name: 'TimeoutError'
}
[9/10/2026, 11:35:33 AM] Scheduled Job Error (Promoter Unlock): page.goto: Timeout 30000ms exceeded.
Call log:
  - navigating to "https://nepsealpha.com/promoter-lock-in", waiting until "networkidle"

[9/10/2026, 11:40:00 AM] Scheduled Job: Running Fundamental Data Scraper...
Navigating to Nepse Alpha Fundamental Info page...
Setting table length to 1000...
Extracting data from funda-table...
Detected headers: Symbol, Ratios Summary, Financial Strength, Sector, Daily Gain, LTP, PE, PB, ROE, ROA, PEG, Discount From Graham Number, PE vs Sector, PB vs Sector, PEG vs Sector, Dividend Yield vs Sector, ROE Vs Sector, YOY Growth Vs Sector, QOQ Growth Vs Sector, ROA Vs Sector, Dividend Yield, Payout Ratio
Extracting data from page 1...
Extracted 100 rows from page 1.
Moving to next page...
Extracting data from page 2...
Extracted 100 rows from page 2.
Moving to next page...
Extracting data from page 3...
Extracted 82 rows from page 3.
Reached the last page.
Successfully extracted a total of 282 rows.
Saving data to Google Sheets...
Connected to Spreadsheet: share info
Successfully saved data to Google Sheets tab "fundamentalInfo"
[9/10/2026, 11:40:22 AM] Scheduled Job: Fundamental Data Scraper completed successfully.

================================
[STARTING TASK] Executing scheduled application for Shova Maharjan at 9/10/2026, 2:20:00 PM
================================

Starting automation for user: 1085371...
Navigating to Meroshare...
Logging in...
Clicking on sidebar item (My ASBA)...
An error occurred during automation: locator.waitFor: Target page, context or browser has been closed
Call log:
  - waiting for locator('//*[@id="sideBar"]/nav/ul/li[8]/a') to be visible

    at runAutomation (/home/yogen/Desktop/workspace/playwrite/meroshare/automate.ts:66:22)
    at async Job.job (/home/yogen/Desktop/workspace/playwrite/meroshare/scheduler.ts:49:9)
Closing browser...
Execution failed for Shova Maharjan: locator.waitFor: Target page, context or browser has been closed
Call log:
  - waiting for locator('//*[@id="sideBar"]/nav/ul/li[8]/a') to be visible

    at runAutomation (/home/yogen/Desktop/workspace/playwrite/meroshare/automate.ts:66:22)
    at async Job.job (/home/yogen/Desktop/workspace/playwrite/meroshare/scheduler.ts:49:9)
Connected to Spreadsheet: share info
[FAILED] Updated Google Sheet for Shova Maharjan: marked as IPO applied failed.
[9/10/2026, 4:05:00 PM] Starting NEPSE scraper...
[9/10/2026, 4:05:00 PM] NEPSE scraper attempt 1/3...
Navigating to https://www.nepalstock.com/ ...
Waiting for element...
Browser closed.
Extracted Value: Market Closed
Connecting to Google Sheets...
Connected to Document: share info
Successfully saved "Market Closed" to 'Report' sheet at B1.

================================
[STARTING TASK] Executing scheduled application for Yogen Maharjan at 9/10/2026, 6:20:00 PM
================================

Starting automation for user: 243878...
Navigating to Meroshare...
Logging in...
Clicking on sidebar item (My ASBA)...
Scanning list for "Ordinary Shares" with an "Apply" button...
Clicked apply button successfully.
Filling out the application form...
Waiting for verification pause...
Clicking the proceed button...
Entering transaction PIN...
Clicking the final Apply button...
The application has been successfully submitted!
Closing browser...
Connected to Spreadsheet: share info
[SUCCESS] Updated Google Sheet for Yogen Maharjan: marked as IPO applied.

================================
[STARTING TASK] Executing scheduled application for Adil Maharjan at 9/10/2026, 8:20:00 PM
================================

Starting automation for user: 295183...
Navigating to Meroshare...
Logging in...
Clicking on sidebar item (My ASBA)...
An error occurred during automation: locator.waitFor: Timeout 15000ms exceeded.
Call log:
  - waiting for locator('//*[@id="sideBar"]/nav/ul/li[8]/a') to be visible

    at runAutomation (/home/yogen/Desktop/workspace/playwrite/meroshare/automate.ts:66:22)
    at async Job.job (/home/yogen/Desktop/workspace/playwrite/meroshare/scheduler.ts:49:9) {
  name: 'TimeoutError'
}
Closing browser...
Execution failed for Adil Maharjan: locator.waitFor: Timeout 15000ms exceeded.
Call log:
  - waiting for locator('//*[@id="sideBar"]/nav/ul/li[8]/a') to be visible

    at runAutomation (/home/yogen/Desktop/workspace/playwrite/meroshare/automate.ts:66:22)
    at async Job.job (/home/yogen/Desktop/workspace/playwrite/meroshare/scheduler.ts:49:9) {
  name: 'TimeoutError'
}
Connected to Spreadsheet: share info
[FAILED] Updated Google Sheet for Adil Maharjan: marked as IPO applied failed.

================================
[STARTING TASK] Executing scheduled application for Macha raja Maharjan at 9/10/2026, 11:20:00 PM
================================

Starting automation for user: 1058867...
Navigating to Meroshare...
Logging in...
Clicking on sidebar item (My ASBA)...
An error occurred during automation: locator.waitFor: Timeout 15000ms exceeded.
Call log:
  - waiting for locator('//*[@id="sideBar"]/nav/ul/li[8]/a') to be visible

    at runAutomation (/home/yogen/Desktop/workspace/playwrite/meroshare/automate.ts:66:22)
    at async Job.job (/home/yogen/Desktop/workspace/playwrite/meroshare/scheduler.ts:49:9) {
  name: 'TimeoutError'
}
Closing browser...
Execution failed for Macha raja Maharjan: locator.waitFor: Timeout 15000ms exceeded.
Call log:
  - waiting for locator('//*[@id="sideBar"]/nav/ul/li[8]/a') to be visible

    at runAutomation (/home/yogen/Desktop/workspace/playwrite/meroshare/automate.ts:66:22)
    at async Job.job (/home/yogen/Desktop/workspace/playwrite/meroshare/scheduler.ts:49:9) {
  name: 'TimeoutError'
}
Connected to Spreadsheet: share info
[FAILED] Updated Google Sheet for Macha raja Maharjan: marked as IPO applied failed.

================================
[STARTING TASK] Executing scheduled application for Yogen Maharjan at 9/11/2026, 2:20:00 AM
================================

Starting automation for user: 243878...
Navigating to Meroshare...
Logging in...
Clicking on sidebar item (My ASBA)...
Scanning list for "Ordinary Shares" with an "Apply" button...
No "Ordinary Shares" available or error during application steps.
An error occurred during automation: locator.waitFor: Timeout 10000ms exceeded.
Call log:
  - waiting for locator('//*[@id="main"]/div/app-asba/div/div[2]/app-applicable-issue/div/div/div/div/div').locator('> div').filter({ hasText: 'Ordinary Shares' }).filter({ has: locator('button').filter({ hasText: 'Apply' }) }).first().locator('button').filter({ hasText: 'Apply' }) to be visible

    at runAutomation (/home/yogen/Desktop/workspace/playwrite/meroshare/automate.ts:81:25)
    at async Job.job (/home/yogen/Desktop/workspace/playwrite/meroshare/scheduler.ts:49:9) {
  name: 'TimeoutError'
}
Closing browser...
Execution failed for Yogen Maharjan: locator.waitFor: Timeout 10000ms exceeded.
Call log:
  - waiting for locator('//*[@id="main"]/div/app-asba/div/div[2]/app-applicable-issue/div/div/div/div/div').locator('> div').filter({ hasText: 'Ordinary Shares' }).filter({ has: locator('button').filter({ hasText: 'Apply' }) }).first().locator('button').filter({ hasText: 'Apply' }) to be visible

    at runAutomation (/home/yogen/Desktop/workspace/playwrite/meroshare/automate.ts:81:25)
    at async Job.job (/home/yogen/Desktop/workspace/playwrite/meroshare/scheduler.ts:49:9) {
  name: 'TimeoutError'
}
Connected to Spreadsheet: share info
[FAILED] Updated Google Sheet for Yogen Maharjan: marked as IPO applied failed.
[9/11/2026, 11:01:00 AM] Starting NEPSE scraper...
[9/11/2026, 11:01:00 AM] NEPSE scraper attempt 1/3...
Navigating to https://www.nepalstock.com/ ...
Waiting for element...
Browser closed.
Extracted Value: Live Market
Connecting to Google Sheets...
Connected to Document: share info
Successfully saved "Live Market" to 'Report' sheet at B1.
[9/11/2026, 11:35:00 AM] Scheduled Job: Running Promoter Unlock Scraper...
Navigating to Nepse Alpha Promoter Lock-In page...
Clicking "Next 3 Months" button...
Waiting for table to refresh data...
Detected headers: Symbol, Listed In NEPSE, LTP, Share Outstanding, Shares Floated, Promoter Shares, Promoter Lock-In Till, Locked Share, MF & Others Lock-In Till, Price Before 1 Month, Price After 1 Month
Successfully extracted 6 rows.
[9/11/2026, 11:35:31 AM] Scheduled Job: Promoter Unlock Scraper completed successfully.
[9/11/2026, 11:40:00 AM] Scheduled Job: Running Fundamental Data Scraper...
Navigating to Nepse Alpha Fundamental Info page...
Setting table length to 1000...
Extracting data from funda-table...
Detected headers: Symbol, Ratios Summary, Financial Strength, Sector, Daily Gain, LTP, PE, PB, ROE, ROA, PEG, Discount From Graham Number, PE vs Sector, PB vs Sector, PEG vs Sector, Dividend Yield vs Sector, ROE Vs Sector, YOY Growth Vs Sector, QOQ Growth Vs Sector, ROA Vs Sector, Dividend Yield, Payout Ratio
Extracting data from page 1...
Extracted 100 rows from page 1.
Moving to next page...
Extracting data from page 2...
Extracted 100 rows from page 2.
Moving to next page...
Extracting data from page 3...
Extracted 82 rows from page 3.
Reached the last page.
Successfully extracted a total of 282 rows.
Saving data to Google Sheets...
Connected to Spreadsheet: share info
Successfully saved data to Google Sheets tab "fundamentalInfo"
[9/11/2026, 11:40:22 AM] Scheduled Job: Fundamental Data Scraper completed successfully.
[9/11/2026, 4:05:00 PM] Starting NEPSE scraper...
[9/11/2026, 4:05:00 PM] NEPSE scraper attempt 1/3...
Navigating to https://www.nepalstock.com/ ...
Waiting for element...
Browser closed.
Extracted Value: Market Closed
Connecting to Google Sheets...
Connected to Document: share info
Successfully saved "Market Closed" to 'Report' sheet at B1.
[9/12/2026, 11:01:00 AM] Starting NEPSE scraper...
[9/12/2026, 11:01:00 AM] NEPSE scraper attempt 1/3...
Navigating to https://www.nepalstock.com/ ...
Waiting for element...
Browser closed.
Extracted Value: Market Closed
Connecting to Google Sheets...
Connected to Document: share info
Successfully saved "Market Closed" to 'Report' sheet at B1.
[9/12/2026, 11:35:00 AM] Scheduled Job: Running Promoter Unlock Scraper...
Navigating to Nepse Alpha Promoter Lock-In page...
Error in fetchPromoterUnlockData: page.goto: Timeout 30000ms exceeded.
Call log:
  - navigating to "https://nepsealpha.com/promoter-lock-in", waiting until "networkidle"

    at fetchPromoterUnlockData (/home/yogen/Desktop/workspace/playwrite/meroshare/promoterUnlock.ts:19:20)
    at async Job.job (/home/yogen/Desktop/workspace/playwrite/meroshare/syncService.ts:50:39) {
  name: 'TimeoutError'
}
[9/12/2026, 11:35:32 AM] Scheduled Job Error (Promoter Unlock): page.goto: Timeout 30000ms exceeded.
Call log:
  - navigating to "https://nepsealpha.com/promoter-lock-in", waiting until "networkidle"

[9/12/2026, 11:40:00 AM] Scheduled Job: Running Fundamental Data Scraper...
Navigating to Nepse Alpha Fundamental Info page...
Error in fetchFundamentalData: page.goto: Timeout 30000ms exceeded.
Call log:
  - navigating to "https://www.nepsealpha.com/trading-signals/funda", waiting until "networkidle"

    at fetchFundamentalData (/home/yogen/Desktop/workspace/playwrite/meroshare/fundaScraper.ts:20:20)
    at async Job.job (/home/yogen/Desktop/workspace/playwrite/meroshare/syncService.ts:63:13) {
  name: 'TimeoutError'
}
[9/12/2026, 11:40:31 AM] Scheduled Job Error (Fundamental Data): page.goto: Timeout 30000ms exceeded.
Call log:
  - navigating to "https://www.nepsealpha.com/trading-signals/funda", waiting until "networkidle"

[9/12/2026, 4:05:00 PM] Starting NEPSE scraper...
[9/12/2026, 4:05:00 PM] NEPSE scraper attempt 1/3...
Navigating to https://www.nepalstock.com/ ...
Waiting for element...
Browser closed.
Extracted Value: Market Closed
Connecting to Google Sheets...
Connected to Document: share info
Successfully saved "Market Closed" to 'Report' sheet at B1.
[Network Warning] Transient error encountered: fetch failed. Retrying in 2s...
[Network Warning] Transient error encountered: fetch failed. Retrying in 4s...
[Network Warning] Transient error encountered: fetch failed. Retrying in 8s...
[9/13/2026, 11:01:00 AM] Starting NEPSE scraper...
[9/13/2026, 11:01:00 AM] NEPSE scraper attempt 1/3...
Navigating to https://www.nepalstock.com/ ...
Waiting for element...
Browser closed.
Extracted Value: Market Closed
Connecting to Google Sheets...
Connected to Document: share info
Successfully saved "Market Closed" to 'Report' sheet at B1.
[9/13/2026, 11:35:00 AM] Scheduled Job: Running Promoter Unlock Scraper...
Navigating to Nepse Alpha Promoter Lock-In page...
Error in fetchPromoterUnlockData: page.goto: Timeout 30000ms exceeded.
Call log:
  - navigating to "https://nepsealpha.com/promoter-lock-in", waiting until "networkidle"

    at fetchPromoterUnlockData (/home/yogen/Desktop/workspace/playwrite/meroshare/promoterUnlock.ts:19:20)
    at async Job.job (/home/yogen/Desktop/workspace/playwrite/meroshare/syncService.ts:50:39) {
  name: 'TimeoutError'
}
[9/13/2026, 11:35:31 AM] Scheduled Job Error (Promoter Unlock): page.goto: Timeout 30000ms exceeded.
Call log:
  - navigating to "https://nepsealpha.com/promoter-lock-in", waiting until "networkidle"

[9/13/2026, 11:40:00 AM] Scheduled Job: Running Fundamental Data Scraper...
Navigating to Nepse Alpha Fundamental Info page...
Error in fetchFundamentalData: page.goto: Timeout 30000ms exceeded.
Call log:
  - navigating to "https://www.nepsealpha.com/trading-signals/funda", waiting until "networkidle"

    at fetchFundamentalData (/home/yogen/Desktop/workspace/playwrite/meroshare/fundaScraper.ts:20:20)
    at async Job.job (/home/yogen/Desktop/workspace/playwrite/meroshare/syncService.ts:63:13) {
  name: 'TimeoutError'
}
[9/13/2026, 11:40:31 AM] Scheduled Job Error (Fundamental Data): page.goto: Timeout 30000ms exceeded.
Call log:
  - navigating to "https://www.nepsealpha.com/trading-signals/funda", waiting until "networkidle"

[9/13/2026, 4:05:00 PM] Starting NEPSE scraper...
[9/13/2026, 4:05:00 PM] NEPSE scraper attempt 1/3...
Navigating to https://www.nepalstock.com/ ...
Waiting for element...
Browser closed.
Extracted Value: Market Closed
Connecting to Google Sheets...
Connected to Document: share info
Successfully saved "Market Closed" to 'Report' sheet at B1.
Detected command: CHECK_STATUS. Starting process...
[CHECK_STATUS] Found 10 total users in sheet; 10 user(s) have Column L set to TRUE.
Starting status check with concurrency limit: 2
[Maya chori maharjan] Navigating to Meroshare...
[Yug maharjan] Navigating to Meroshare...
[Yug maharjan] White screen or failed to load. Reloading...
[Maya chori maharjan] White screen or failed to load. Reloading...
[Maya chori maharjan] Logging in...
[Yug maharjan] Logging in...
[Maya chori maharjan] Navigating to MY ASBA for Beni Hydropower Project Limited...
[Yug maharjan] Navigating to MY ASBA for Beni Hydropower Project Limited...
[Maya chori maharjan] Extracting status for Beni Hydropower Project Limited...
[Yug maharjan] Extracting status for Beni Hydropower Project Limited...
[Maya chori maharjan] Status for Beni Hydropower Project Limited: Verified
[Jyoti Maharjan] Navigating to Meroshare...
[Yug maharjan] Status for Beni Hydropower Project Limited: Verified
[Macha kaji Maharjan] Navigating to Meroshare...
[Jyoti Maharjan] Logging in...
[Macha kaji Maharjan] Logging in...
[Jyoti Maharjan] Navigating to MY ASBA for Beni Hydropower Project Limited...
[Jyoti Maharjan] Extracting status for Beni Hydropower Project Limited...
[Macha kaji Maharjan] Navigating to MY ASBA for Beni Hydropower Project Limited...
[Jyoti Maharjan] Status for Beni Hydropower Project Limited: Verified
[Urmila tyata] Navigating to Meroshare...
[Macha kaji Maharjan] Extracting status for Beni Hydropower Project Limited...
[Macha kaji Maharjan] Status for Beni Hydropower Project Limited: Verified
[Sankha maya tyata] Navigating to Meroshare...
[Urmila tyata] Logging in...
[Sankha maya tyata] Logging in...
[Urmila tyata] Navigating to MY ASBA for Beni Hydropower Project Limited...
[Urmila tyata] Extracting status for Beni Hydropower Project Limited...
[Sankha maya tyata] Navigating to MY ASBA for Beni Hydropower Project Limited...
[Urmila tyata] Status for Beni Hydropower Project Limited: Verified
[Shova Maharjan] Navigating to Meroshare...
[Sankha maya tyata] Extracting status for Beni Hydropower Project Limited...
[Sankha maya tyata] Status for Beni Hydropower Project Limited: Verified
[Macha raja Maharjan] Navigating to Meroshare...
[Shova Maharjan] Logging in...
[Macha raja Maharjan] Logging in...
[Shova Maharjan] Navigating to MY ASBA for Beni Hydropower Project Limited...
[Macha raja Maharjan] Navigating to MY ASBA for Beni Hydropower Project Limited...
[Macha raja Maharjan] Extracting status for Beni Hydropower Project Limited...
Failed execution for user Shova Maharjan: locator.waitFor: Timeout 15000ms exceeded.
Call log:
  - waiting for locator('//*[@id="sideBar"]/nav/ul/li[8]/a') to be visible

    at /home/yogen/Desktop/workspace/playwrite/meroshare/checkStatus.ts:129:38 {
  name: 'TimeoutError'
}
[Adil Maharjan] Navigating to Meroshare...
[Macha raja Maharjan] Status for Beni Hydropower Project Limited: Unverified
[Yogen Maharjan] Navigating to Meroshare...
[Adil Maharjan] Logging in...
[Yogen Maharjan] Logging in...
[Adil Maharjan] Navigating to MY ASBA for Beni Hydropower Project Limited...
[Yogen Maharjan] Navigating to MY ASBA for Beni Hydropower Project Limited...
[Adil Maharjan] Stock not found in list: Beni Hydropower Project Limited
[Yogen Maharjan] Extracting status for Beni Hydropower Project Limited...
[Yogen Maharjan] Status for Beni Hydropower Project Limited: Verified
All status checks completed.
CHECK_STATUS process completed.
[9/14/2026, 12:08:48 PM] Starting NEPSE scraper...
[9/14/2026, 12:08:48 PM] NEPSE scraper attempt 1/3...
[9/14/2026, 12:08:48 PM] Scheduled Job: Running Promoter Unlock Scraper...
[9/14/2026, 12:08:48 PM] Scheduled Job: Running Fundamental Data Scraper...
Navigating to https://www.nepalstock.com/ ...
Waiting for element...
Browser closed.
Extracted Value: Live Market
Connecting to Google Sheets...
Navigating to Nepse Alpha Fundamental Info page...
Connected to Document: share info
Navigating to Nepse Alpha Promoter Lock-In page...
Successfully saved "Live Market" to 'Report' sheet at B1.
Setting table length to 1000...
Extracting data from funda-table...
Detected headers: Symbol, Ratios Summary, Financial Strength, Sector, Daily Gain, LTP, PE, PB, ROE, ROA, PEG, Discount From Graham Number, PE vs Sector, PB vs Sector, PEG vs Sector, Dividend Yield vs Sector, ROE Vs Sector, YOY Growth Vs Sector, QOQ Growth Vs Sector, ROA Vs Sector, Dividend Yield, Payout Ratio
Extracting data from page 1...
Extracted 100 rows from page 1.
Moving to next page...
Clicking "Next 3 Months" button...
Waiting for table to refresh data...
Extracting data from page 2...
Extracted 100 rows from page 2.
Moving to next page...
Detected headers: Symbol, Listed In NEPSE, LTP, Share Outstanding, Shares Floated, Promoter Shares, Promoter Lock-In Till, Locked Share, MF & Others Lock-In Till, Price Before 1 Month, Price After 1 Month
Successfully extracted 6 rows.
[Network Warning] Transient error encountered: fetch failed. Retrying in 2s...
Extracting data from page 3...
Extracted 82 rows from page 3.
Reached the last page.
Successfully extracted a total of 282 rows.
Saving data to Google Sheets...
Connected to Spreadsheet: share info
Successfully saved data to Google Sheets tab "fundamentalInfo"
[9/14/2026, 12:09:21 PM] Scheduled Job: Fundamental Data Scraper completed successfully.
[9/14/2026, 12:09:27 PM] Scheduled Job: Promoter Unlock Scraper completed successfully.
[9/14/2026, 4:05:00 PM] Starting NEPSE scraper...
[9/14/2026, 4:05:00 PM] NEPSE scraper attempt 1/3...
Navigating to https://www.nepalstock.com/ ...
Waiting for element...
Browser closed.
Extracted Value: Market Closed
Connecting to Google Sheets...
Connected to Document: share info
Successfully saved "Market Closed" to 'Report' sheet at B1.
[Network Warning] Transient error encountered: Google API error - [503] The service is currently unavailable.. Retrying in 2s...
[9/16/2026, 2:51:40 PM] Starting NEPSE scraper...
[9/16/2026, 2:51:40 PM] NEPSE scraper attempt 1/3...
[9/16/2026, 2:51:40 PM] Scheduled Job: Running Promoter Unlock Scraper...
[9/16/2026, 2:51:40 PM] Scheduled Job: Running Fundamental Data Scraper...
[9/16/2026, 2:51:40 PM] Starting NEPSE scraper...
[9/16/2026, 2:51:40 PM] NEPSE scraper attempt 1/3...
[9/16/2026, 2:51:40 PM] Starting NEPSE scraper...
[9/16/2026, 2:51:40 PM] NEPSE scraper attempt 1/3...
[9/16/2026, 2:51:40 PM] Scheduled Job: Running Promoter Unlock Scraper...
[9/16/2026, 2:51:40 PM] Scheduled Job: Running Fundamental Data Scraper...
Navigating to https://www.nepalstock.com/ ...
Navigating to https://www.nepalstock.com/ ...
Navigating to https://www.nepalstock.com/ ...
Waiting for element...
Waiting for element...
Navigating to Nepse Alpha Fundamental Info page...
Waiting for element...
Navigating to Nepse Alpha Fundamental Info page...
Navigating to Nepse Alpha Promoter Lock-In page...
Navigating to Nepse Alpha Promoter Lock-In page...
Browser closed.
Extracted Value: Live Market
Connecting to Google Sheets...
Browser closed.
Extracted Value: Live Market
Connecting to Google Sheets...
Browser closed.
Extracted Value: Live Market
Connecting to Google Sheets...
Connected to Document: share info
Connected to Document: share info
Connected to Document: share info
Successfully saved "Live Market" to 'Report' sheet at B1.
Successfully saved "Live Market" to 'Report' sheet at B1.
Successfully saved "Live Market" to 'Report' sheet at B1.
Setting table length to 1000...
Extracting data from funda-table...
Detected headers: Symbol, Ratios Summary, Financial Strength, Sector, Daily Gain, LTP, PE, PB, ROE, ROA, PEG, Discount From Graham Number, PE vs Sector, PB vs Sector, PEG vs Sector, Dividend Yield vs Sector, ROE Vs Sector, YOY Growth Vs Sector, QOQ Growth Vs Sector, ROA Vs Sector, Dividend Yield, Payout Ratio
Extracting data from page 1...
Extracted 100 rows from page 1.
Moving to next page...
Setting table length to 1000...
Extracting data from page 2...
Extracted 100 rows from page 2.
Moving to next page...
Extracting data from funda-table...
Detected headers: Symbol, Ratios Summary, Financial Strength, Sector, Daily Gain, LTP, PE, PB, ROE, ROA, PEG, Discount From Graham Number, PE vs Sector, PB vs Sector, PEG vs Sector, Dividend Yield vs Sector, ROE Vs Sector, YOY Growth Vs Sector, QOQ Growth Vs Sector, ROA Vs Sector, Dividend Yield, Payout Ratio
Extracting data from page 1...
Clicking "Next 3 Months" button...
Extracted 100 rows from page 1.
Moving to next page...
Extracting data from page 3...
Waiting for table to refresh data...
Extracted 82 rows from page 3.
Reached the last page.
Successfully extracted a total of 282 rows.
Saving data to Google Sheets...
Connected to Spreadsheet: share info
Extracting data from page 2...
Extracted 100 rows from page 2.
Moving to next page...
Detected headers: Symbol, Listed In NEPSE, LTP, Share Outstanding, Shares Floated, Promoter Shares, Promoter Lock-In Till, Locked Share, MF & Others Lock-In Till, Price Before 1 Month, Price After 1 Month
Successfully extracted 6 rows.
Successfully saved data to Google Sheets tab "fundamentalInfo"
[9/16/2026, 2:52:31 PM] Scheduled Job: Fundamental Data Scraper completed successfully.
Clicking "Next 3 Months" button...
Waiting for table to refresh data...
[9/16/2026, 2:52:33 PM] Scheduled Job: Promoter Unlock Scraper completed successfully.
Extracting data from page 3...
Extracted 82 rows from page 3.
Reached the last page.
Successfully extracted a total of 282 rows.
Saving data to Google Sheets...
Connected to Spreadsheet: share info
Detected headers: Symbol, Listed In NEPSE, LTP, Share Outstanding, Shares Floated, Promoter Shares, Promoter Lock-In Till, Locked Share, MF & Others Lock-In Till, Price Before 1 Month, Price After 1 Month
Successfully extracted 6 rows.
Successfully saved data to Google Sheets tab "fundamentalInfo"
[9/16/2026, 2:52:36 PM] Scheduled Job: Fundamental Data Scraper completed successfully.
[9/16/2026, 2:52:38 PM] Scheduled Job: Promoter Unlock Scraper completed successfully.
[9/16/2026, 4:05:00 PM] Starting NEPSE scraper...
[9/16/2026, 4:05:00 PM] NEPSE scraper attempt 1/3...
Navigating to https://www.nepalstock.com/ ...
Waiting for element...
Browser closed.
Extracted Value: Market Closed
Connecting to Google Sheets...
Connected to Document: share info
Successfully saved "Market Closed" to 'Report' sheet at B1.

> meroshare@1.0.0 watch-sheets
> npx ts-node --compiler-options '{"module":"commonjs","esModuleInterop":true}' syncService.ts

◇ injected env (7) from .env // tip: ⌘ suppress logs { quiet: true }
◇ injected env (0) from .env // tip: ◈ encrypted .env [www.dotenvx.com]
◇ injected env (0) from .env // tip: ⌁ auth for agents [www.vestauth.com]
◇ injected env (0) from .env // tip: ◈ encrypted .env [www.dotenvx.com]
◇ injected env (0) from .env // tip: ⌘ multiple files { path: ['.env.local', '.env'] }
Starting Google Sheets Sync Service...
Connected to Spreadsheet: share info
NEPSE scraper scheduled to run every day at 00 01 11 * * * and 0 05 16 * * *.
Scheduled Promoter Unlock (daily at 35 11 * * *) and Fundamental Data (40 11 * * *) scrapers.
Polling Google Sheets every 30 seconds...
[9/17/2026, 9:01:52 AM] Scheduled time '2026-05-27 11:01:02' is in the past. Will not schedule.
Detected command: CHECK_STATUS. Starting process...
[CHECK_STATUS] Found 10 total users in sheet; 10 user(s) have Column L set to TRUE.
Starting status check with concurrency limit: 2
[Yug maharjan] Navigating to Meroshare...
[Maya chori maharjan] Navigating to Meroshare...
[Maya chori maharjan] White screen or failed to load. Reloading...
[Yug maharjan] White screen or failed to load. Reloading...
[Maya chori maharjan] Logging in...
[Yug maharjan] Logging in...
[Maya chori maharjan] Navigating to MY ASBA for Beni Hydropower Project Limited...
[Yug maharjan] Navigating to MY ASBA for Beni Hydropower Project Limited...
[Maya chori maharjan] Extracting status for Beni Hydropower Project Limited...
[Yug maharjan] Extracting status for Beni Hydropower Project Limited...
[Maya chori maharjan] Status for Beni Hydropower Project Limited: Verified
[Yug maharjan] Status for Beni Hydropower Project Limited: Verified
[Jyoti Maharjan] Navigating to Meroshare...
[Macha kaji Maharjan] Navigating to Meroshare...
[Jyoti Maharjan] Logging in...
[Macha kaji Maharjan] Logging in...
[Jyoti Maharjan] Navigating to MY ASBA for Beni Hydropower Project Limited...
[Macha kaji Maharjan] Navigating to MY ASBA for Beni Hydropower Project Limited...
[Jyoti Maharjan] Extracting status for Beni Hydropower Project Limited...
[Jyoti Maharjan] Status for Beni Hydropower Project Limited: Verified
[Macha kaji Maharjan] Extracting status for Beni Hydropower Project Limited...
[Urmila tyata] Navigating to Meroshare...
[Macha kaji Maharjan] Status for Beni Hydropower Project Limited: Verified
[Sankha maya tyata] Navigating to Meroshare...
[Urmila tyata] Logging in...
[Sankha maya tyata] Logging in...
[Urmila tyata] Navigating to MY ASBA for Beni Hydropower Project Limited...
[Sankha maya tyata] Navigating to MY ASBA for Beni Hydropower Project Limited...
[Urmila tyata] Extracting status for Beni Hydropower Project Limited...
[Urmila tyata] Status for Beni Hydropower Project Limited: Verified
[Shova Maharjan] Navigating to Meroshare...
[Sankha maya tyata] Extracting status for Beni Hydropower Project Limited...
[Sankha maya tyata] Status for Beni Hydropower Project Limited: Verified
[Macha raja Maharjan] Navigating to Meroshare...
[Shova Maharjan] Logging in...
[Macha raja Maharjan] Logging in...
[Shova Maharjan] Navigating to MY ASBA for Beni Hydropower Project Limited...
[Macha raja Maharjan] Navigating to MY ASBA for Beni Hydropower Project Limited...
[Macha raja Maharjan] Extracting status for Beni Hydropower Project Limited...
[Macha raja Maharjan] Status for Beni Hydropower Project Limited: Verified
Failed execution for user Shova Maharjan: locator.waitFor: Timeout 15000ms exceeded.
Call log:
  - waiting for locator('//*[@id="sideBar"]/nav/ul/li[8]/a') to be visible

    at /home/yogen/Desktop/workspace/playwrite/meroshare/checkStatus.ts:129:38 {
  name: 'TimeoutError'
}
[Adil Maharjan] Navigating to Meroshare...
[Yogen Maharjan] Navigating to Meroshare...
[Yogen Maharjan] White screen or failed to load. Reloading...
[Adil Maharjan] Logging in...
[Yogen Maharjan] Logging in...
[Adil Maharjan] Navigating to MY ASBA for Beni Hydropower Project Limited...
[Yogen Maharjan] Navigating to MY ASBA for Beni Hydropower Project Limited...
[Adil Maharjan] Stock not found in list: Beni Hydropower Project Limited
[Yogen Maharjan] Extracting status for Beni Hydropower Project Limited...
[Yogen Maharjan] Status for Beni Hydropower Project Limited: Verified
All status checks completed.
CHECK_STATUS process completed.
[Network Warning] Transient error encountered: fetch failed. Retrying in 2s...
[9/17/2026, 11:49:49 AM] Starting NEPSE scraper...
[9/17/2026, 11:49:49 AM] NEPSE scraper attempt 1/3...
[9/17/2026, 11:49:49 AM] Scheduled Job: Running Promoter Unlock Scraper...
[9/17/2026, 11:49:49 AM] Scheduled Job: Running Fundamental Data Scraper...
Navigating to Nepse Alpha Promoter Lock-In page...
Navigating to Nepse Alpha Fundamental Info page...
Navigating to https://www.nepalstock.com/ ...
Waiting for element...
Browser closed.
Extracted Value: Live Market
Connecting to Google Sheets...
Connected to Document: share info
Successfully saved "Live Market" to 'Report' sheet at B1.
Error in fetchPromoterUnlockData: page.goto: net::ERR_HTTP_RESPONSE_CODE_FAILURE at https://nepsealpha.com/promoter-lock-in
Call log:
  - navigating to "https://nepsealpha.com/promoter-lock-in", waiting until "networkidle"

    at fetchPromoterUnlockData (/home/yogen/Desktop/workspace/playwrite/meroshare/promoterUnlock.ts:19:20)
    at async Job.job (/home/yogen/Desktop/workspace/playwrite/meroshare/syncService.ts:50:39) {
  name: 'Error'
}
[9/17/2026, 11:50:09 AM] Scheduled Job Error (Promoter Unlock): page.goto: net::ERR_HTTP_RESPONSE_CODE_FAILURE at https://nepsealpha.com/promoter-lock-in
Call log:
  - navigating to "https://nepsealpha.com/promoter-lock-in", waiting until "networkidle"

Error in fetchFundamentalData: locator.waitFor: Timeout 15000ms exceeded.
Call log:
  - waiting for locator('select[name="funda-table_length"]') to be visible

    at fetchFundamentalData (/home/yogen/Desktop/workspace/playwrite/meroshare/fundaScraper.ts:24:28)
    at async Job.job (/home/yogen/Desktop/workspace/playwrite/meroshare/syncService.ts:63:13) {
  name: 'TimeoutError'
}
[9/17/2026, 11:50:29 AM] Scheduled Job Error (Fundamental Data): locator.waitFor: Timeout 15000ms exceeded.
Call log:
  - waiting for locator('select[name="funda-table_length"]') to be visible

[9/17/2026, 4:05:00 PM] Starting NEPSE scraper...
[9/17/2026, 4:05:00 PM] NEPSE scraper attempt 1/3...
Navigating to https://www.nepalstock.com/ ...
Waiting for element...
Browser closed.
Extracted Value: Market Closed
Connecting to Google Sheets...
Connected to Document: share info
Successfully saved "Market Closed" to 'Report' sheet at B1.
[Network Warning] Transient error encountered: fetch failed. Retrying in 2s...
[Network Warning] Transient error encountered: fetch failed. Retrying in 4s...
[Network Warning] Transient error encountered: fetch failed. Retrying in 8s...
Error during polling loop: fetch failed
[Network Warning] Transient error encountered: fetch failed. Retrying in 2s...
[Network Warning] Transient error encountered: fetch failed. Retrying in 4s...
[Network Warning] Transient error encountered: fetch failed. Retrying in 8s...
Error handling TMS scheduled time: fetch failed
[Network Warning] Transient error encountered: fetch failed. Retrying in 2s...
[Network Warning] Transient error encountered: fetch failed. Retrying in 4s...
[Network Warning] Transient error encountered: fetch failed. Retrying in 8s...
Error during polling loop: fetch failed
[Network Warning] Transient error encountered: fetch failed. Retrying in 2s...
[Network Warning] Transient error encountered: fetch failed. Retrying in 4s...
[Network Warning] Transient error encountered: fetch failed. Retrying in 8s...
Error handling TMS scheduled time: fetch failed
[Network Warning] Transient error encountered: fetch failed. Retrying in 2s...
[Network Warning] Transient error encountered: fetch failed. Retrying in 4s...
[Network Warning] Transient error encountered: fetch failed. Retrying in 8s...
Error during polling loop: fetch failed
[Network Warning] Transient error encountered: fetch failed. Retrying in 2s...
[Network Warning] Transient error encountered: fetch failed. Retrying in 2s...
[Network Warning] Transient error encountered: fetch failed. Retrying in 4s...

> meroshare@1.0.0 watch-sheets
> npx ts-node --compiler-options '{"module":"commonjs","esModuleInterop":true}' syncService.ts

◇ injected env (7) from .env // tip: ⌘ enable debugging { debug: true }
◇ injected env (0) from .env // tip: ⌘ enable debugging { debug: true }
◇ injected env (0) from .env // tip: ⌘ custom filepath { path: '/custom/path/.env' }
◇ injected env (0) from .env // tip: ◈ secrets for agents [www.dotenvx.com]
◇ injected env (0) from .env // tip: ◈ encrypted .env [www.dotenvx.com]
Starting Google Sheets Sync Service...
Connected to Spreadsheet: share info
NEPSE scraper scheduled to run every day at 00 01 11 * * * and 0 05 16 * * *.
Scheduled Promoter Unlock (daily at 35 11 * * *) and Fundamental Data (40 11 * * *) scrapers.
Polling Google Sheets every 30 seconds...
[9/18/2026, 9:40:35 AM] Scheduled time '2026-05-27 11:01:02' is in the past. Will not schedule.
[9/18/2026, 11:01:00 AM] Starting NEPSE scraper...
[9/18/2026, 11:01:00 AM] NEPSE scraper attempt 1/3...
Navigating to https://www.nepalstock.com/ ...
Waiting for element...
Browser closed.
Extracted Value: Live Market
Connecting to Google Sheets...
Connected to Document: share info
Successfully saved "Live Market" to 'Report' sheet at B1.
[9/18/2026, 11:35:00 AM] Scheduled Job: Running Promoter Unlock Scraper...
Navigating to Nepse Alpha Promoter Lock-In page...
Error in fetchPromoterUnlockData: page.goto: Timeout 30000ms exceeded.
Call log:
  - navigating to "https://nepsealpha.com/promoter-lock-in", waiting until "networkidle"

    at fetchPromoterUnlockData (/home/yogen/Desktop/workspace/playwrite/meroshare/promoterUnlock.ts:19:20)
    at async Job.job (/home/yogen/Desktop/workspace/playwrite/meroshare/syncService.ts:50:39) {
  name: 'TimeoutError'
}
[9/18/2026, 11:35:33 AM] Scheduled Job Error (Promoter Unlock): page.goto: Timeout 30000ms exceeded.
Call log:
  - navigating to "https://nepsealpha.com/promoter-lock-in", waiting until "networkidle"

[9/18/2026, 11:40:00 AM] Scheduled Job: Running Fundamental Data Scraper...
Navigating to Nepse Alpha Fundamental Info page...
Setting table length to 1000...
Extracting data from funda-table...
Detected headers: Symbol, Ratios Summary, Financial Strength, Sector, Daily Gain, LTP, PE, PB, ROE, ROA, PEG, Discount From Graham Number, PE vs Sector, PB vs Sector, PEG vs Sector, Dividend Yield vs Sector, ROE Vs Sector, YOY Growth Vs Sector, QOQ Growth Vs Sector, ROA Vs Sector, Dividend Yield, Payout Ratio
Extracting data from page 1...
Extracted 100 rows from page 1.
Moving to next page...
Extracting data from page 2...
Extracted 100 rows from page 2.
Moving to next page...
Extracting data from page 3...
Extracted 82 rows from page 3.
Reached the last page.
Successfully extracted a total of 282 rows.
Saving data to Google Sheets...
Connected to Spreadsheet: share info
Successfully saved data to Google Sheets tab "fundamentalInfo"
[9/18/2026, 11:40:19 AM] Scheduled Job: Fundamental Data Scraper completed successfully.
[9/18/2026, 4:05:00 PM] Starting NEPSE scraper...
[9/18/2026, 4:05:00 PM] NEPSE scraper attempt 1/3...
Navigating to https://www.nepalstock.com/ ...
Waiting for element...
Browser closed.
Extracted Value: Market Closed
Connecting to Google Sheets...
Connected to Document: share info
Successfully saved "Market Closed" to 'Report' sheet at B1.

> meroshare@1.0.0 watch-sheets
> npx ts-node --compiler-options '{"module":"commonjs","esModuleInterop":true}' syncService.ts

◇ injected env (7) from .env // tip: ⌘ override existing { override: true }
◇ injected env (0) from .env // tip: ⌘ custom filepath { path: '/custom/path/.env' }
◇ injected env (0) from .env // tip: ⌘ suppress logs { quiet: true }
◇ injected env (0) from .env // tip: ⌁ auth for agents [www.vestauth.com]
◇ injected env (0) from .env // tip: ⌘ multiple files { path: ['.env.local', '.env'] }
Starting Google Sheets Sync Service...
Connected to Spreadsheet: share info
NEPSE scraper scheduled to run every day at 00 01 11 * * * and 0 05 16 * * *.
Scheduled Promoter Unlock (daily at 35 11 * * *) and Fundamental Data (40 11 * * *) scrapers.
Polling Google Sheets every 30 seconds...
[9/21/2026, 9:22:19 AM] Scheduled time '2026-05-27 11:01:02' is in the past. Will not schedule.
[9/21/2026, 11:01:00 AM] Starting NEPSE scraper...
[9/21/2026, 11:01:00 AM] NEPSE scraper attempt 1/3...
Navigating to https://www.nepalstock.com/ ...
Waiting for element...
Browser closed.
Extracted Value: Market Closed
Connecting to Google Sheets...
Connected to Document: share info
Successfully saved "Market Closed" to 'Report' sheet at B1.
[9/21/2026, 11:35:00 AM] Scheduled Job: Running Promoter Unlock Scraper...
Navigating to Nepse Alpha Promoter Lock-In page...
Error in fetchPromoterUnlockData: page.goto: Timeout 30000ms exceeded.
Call log:
  - navigating to "https://nepsealpha.com/promoter-lock-in", waiting until "networkidle"

    at fetchPromoterUnlockData (/home/yogen/Desktop/workspace/playwrite/meroshare/promoterUnlock.ts:19:20)
    at async Job.job (/home/yogen/Desktop/workspace/playwrite/meroshare/syncService.ts:50:39) {
  name: 'TimeoutError'
}
[9/21/2026, 11:35:32 AM] Scheduled Job Error (Promoter Unlock): page.goto: Timeout 30000ms exceeded.
Call log:
  - navigating to "https://nepsealpha.com/promoter-lock-in", waiting until "networkidle"

[9/21/2026, 11:40:00 AM] Scheduled Job: Running Fundamental Data Scraper...
Navigating to Nepse Alpha Fundamental Info page...
Setting table length to 1000...
Extracting data from funda-table...
Detected headers: Symbol, Ratios Summary, Financial Strength, Sector, Daily Gain, LTP, PE, PB, ROE, ROA, PEG, Discount From Graham Number, PE vs Sector, PB vs Sector, PEG vs Sector, Dividend Yield vs Sector, ROE Vs Sector, YOY Growth Vs Sector, QOQ Growth Vs Sector, ROA Vs Sector, Dividend Yield, Payout Ratio
Extracting data from page 1...
Extracted 100 rows from page 1.
Moving to next page...
Extracting data from page 2...
Extracted 100 rows from page 2.
Moving to next page...
Extracting data from page 3...
Extracted 82 rows from page 3.
Reached the last page.
Successfully extracted a total of 282 rows.
Saving data to Google Sheets...
Connected to Spreadsheet: share info
Successfully saved data to Google Sheets tab "fundamentalInfo"
[9/21/2026, 11:40:20 AM] Scheduled Job: Fundamental Data Scraper completed successfully.
[Network Warning] Transient error encountered: fetch failed. Retrying in 2s...
[Network Warning] Transient error encountered: fetch failed. Retrying in 4s...
[Network Warning] Transient error encountered: fetch failed. Retrying in 8s...
Error during polling loop: fetch failed
[Network Warning] Transient error encountered: fetch failed. Retrying in 2s...
[Network Warning] Transient error encountered: fetch failed. Retrying in 4s...
[Network Warning] Transient error encountered: request to https://oauth2.googleapis.com/token failed, reason: getaddrinfo EAI_AGAIN oauth2.googleapis.com. Retrying in 8s...
[Network Warning] Transient error encountered: fetch failed. Retrying in 2s...
[Network Warning] Transient error encountered: fetch failed. Retrying in 4s...
[Network Warning] Transient error encountered: fetch failed. Retrying in 8s...
Error during polling loop: fetch failed
[Network Warning] Transient error encountered: fetch failed. Retrying in 2s...
[Network Warning] Transient error encountered: fetch failed. Retrying in 2s...
[Network Warning] Transient error encountered: fetch failed. Retrying in 4s...
[Network Warning] Transient error encountered: fetch failed. Retrying in 2s...
[Network Warning] Transient error encountered: fetch failed. Retrying in 4s...
[Network Warning] Transient error encountered: fetch failed. Retrying in 8s...
Error during polling loop: fetch failed
[Network Warning] Transient error encountered: fetch failed. Retrying in 2s...
[Network Warning] Transient error encountered: fetch failed. Retrying in 4s...
[Network Warning] Transient error encountered: request to https://oauth2.googleapis.com/token failed, reason: getaddrinfo EAI_AGAIN oauth2.googleapis.com. Retrying in 8s...
[9/21/2026, 5:22:43 PM] Starting NEPSE scraper...
[9/21/2026, 5:22:43 PM] NEPSE scraper attempt 1/3...
Navigating to https://www.nepalstock.com/ ...
Waiting for element...
Browser closed.
Extracted Value: Market Closed
Connecting to Google Sheets...
Connected to Document: share info
Successfully saved "Market Closed" to 'Report' sheet at B1.

> meroshare@1.0.0 watch-sheets
> npx ts-node --compiler-options '{"module":"commonjs","esModuleInterop":true}' syncService.ts

◇ injected env (7) from .env // tip: ◈ encrypted .env [www.dotenvx.com]
◇ injected env (0) from .env // tip: ⌘ override existing { override: true }
◇ injected env (0) from .env // tip: ◈ encrypted .env [www.dotenvx.com]
◇ injected env (0) from .env // tip: ⌘ custom filepath { path: '/custom/path/.env' }
◇ injected env (0) from .env // tip: ⌘ custom filepath { path: '/custom/path/.env' }
◇ injected env (0) from .env // tip: ⌘ enable debugging { debug: true }
Starting Google Sheets Sync Service...
Connected to Spreadsheet: share info
NEPSE scraper scheduled to run every day at 00 01 11 * * * and 0 05 16 * * *.
Scheduled Promoter Unlock (daily at 35 11 * * *) and Fundamental Data (40 11 * * *) scrapers.
Polling Google Sheets every 30 seconds...
Detected command: EXTRACT_PORTFOLIO. Starting portfolio scraper...
◇ injected env (0) from .env // tip: ⌘ multiple files { path: ['.env.local', '.env'] }
Starting portfolio scrape for user: 243878...
Navigating to Meroshare...
Navigating to My Portfolio...
Extracting portfolio data...
Portfolio table headers: [
  '#',
  'Scrip',
  'Current Balance',
  'Last Closing Price',
  'Value As Of Last Closing Price',
  'Last Transaction Price(LTP)',
  'Value As Of LTP'
]
Using column indices -> Scrip: 1, Quantity: 2
Extracted 17 holdings for 243878.
Saved local report to /home/yogen/Desktop/workspace/playwrite/meroshare/portfolio_243878.json
Syncing portfolio data to Google Sheets...
Connected to Spreadsheet: share info
Successfully synced portfolio data to Google Sheets.
Closing browser...
[9/21/2026, 5:49:27 PM] Scheduled time '2026-05-27 11:01:02' is in the past. Will not schedule.
[Network Warning] Transient error encountered: fetch failed. Retrying in 2s...
[Network Warning] Transient error encountered: fetch failed. Retrying in 4s...

> meroshare@1.0.0 watch-sheets
> npx ts-node --compiler-options '{"module":"commonjs","esModuleInterop":true}' syncService.ts

◇ injected env (9) from .env // tip: ◈ secrets for agents [www.dotenvx.com]
◇ injected env (0) from .env // tip: ⌘ custom filepath { path: '/custom/path/.env' }
◇ injected env (0) from .env // tip: ⌘ enable debugging { debug: true }
◇ injected env (0) from .env // tip: ⌘ custom filepath { path: '/custom/path/.env' }
◇ injected env (0) from .env // tip: ⌘ override existing { override: true }
◇ injected env (0) from .env // tip: ⌁ auth for agents [www.vestauth.com]
Starting Google Sheets Sync Service...
Connected to Spreadsheet: share info
NEPSE scraper scheduled to run every day at 00 01 11 * * * and 0 05 16 * * *.
Scheduled Promoter Unlock (daily at 35 11 * * *) and Fundamental Data (40 11 * * *) scrapers.
Polling Google Sheets every 30 seconds...
[9/22/2026, 9:44:18 AM] Scheduled time '2026-05-27 11:01:02' is in the past. Will not schedule.

> meroshare@1.0.0 watch-sheets
> npx ts-node --compiler-options '{"module":"commonjs","esModuleInterop":true}' syncService.ts

◇ injected env (9) from .env // tip: ◈ secrets for agents [www.dotenvx.com]
◇ injected env (0) from .env // tip: ⌘ enable debugging { debug: true }
◇ injected env (0) from .env // tip: ⌘ custom filepath { path: '/custom/path/.env' }
◇ injected env (0) from .env // tip: ⌘ multiple files { path: ['.env.local', '.env'] }
◇ injected env (0) from .env // tip: ◈ encrypted .env [www.dotenvx.com]
◇ injected env (0) from .env // tip: ⌘ suppress logs { quiet: true }
Starting Google Sheets Sync Service...
Connected to Spreadsheet: share info
NEPSE scraper scheduled to run every day at 00 01 11 * * * and 0 05 16 * * *.
Scheduled Promoter Unlock (daily at 35 11 * * *) and Fundamental Data (40 11 * * *) scrapers.
Polling Google Sheets every 30 seconds...
[9/22/2026, 9:44:23 AM] Scheduled time '2026-05-27 11:01:02' is in the past. Will not schedule.
Detected command: CHECK_STATUS. Starting process...
[CHECK_STATUS] Found 10 total users in sheet; 4 user(s) have Column L set to TRUE.
Starting status check with concurrency limit: 2
[Shova Maharjan] Navigating to Meroshare...
[Macha raja Maharjan] Navigating to Meroshare...
[Macha raja Maharjan] White screen or failed to load. Reloading...
[Shova Maharjan] Logging in...
[Macha raja Maharjan] Logging in...
[Shova Maharjan] Navigating to MY ASBA for Beni Hydropower Project Limited...
[Macha raja Maharjan] Navigating to MY ASBA for Beni Hydropower Project Limited...
[Macha raja Maharjan] Extracting status for Beni Hydropower Project Limited...
[Macha raja Maharjan] Status for Beni Hydropower Project Limited: Not Alloted
Failed execution for user Shova Maharjan: locator.waitFor: Timeout 15000ms exceeded.
Call log:
  - waiting for locator('//*[@id="sideBar"]/nav/ul/li[8]/a') to be visible

    at /home/yogen/Desktop/workspace/playwrite/meroshare/checkStatus.ts:130:38 {
  name: 'TimeoutError'
}
[Adil Maharjan] Navigating to Meroshare...
Telegram notification sent successfully.
[Yogen Maharjan] Navigating to Meroshare...
[Adil Maharjan] Logging in...
[Yogen Maharjan] Logging in...
[Adil Maharjan] Navigating to MY ASBA for Beni Hydropower Project Limited...
[Yogen Maharjan] Navigating to MY ASBA for Beni Hydropower Project Limited...
[Adil Maharjan] Stock not found in list: Beni Hydropower Project Limited
[Yogen Maharjan] Extracting status for Beni Hydropower Project Limited...
[Yogen Maharjan] Status for Beni Hydropower Project Limited: Not Alloted
Telegram notification sent successfully.
All status checks completed.
CHECK_STATUS process completed.
Detected command: CHECK_STATUS. Starting process...
[CHECK_STATUS] Found 10 total users in sheet; 4 user(s) have Column L set to TRUE.
Starting status check with concurrency limit: 2
[Shova Maharjan] Navigating to Meroshare...
[Macha raja Maharjan] Navigating to Meroshare...
[Macha raja Maharjan] Logging in...
[Shova Maharjan] Logging in...
[Macha raja Maharjan] Navigating to MY ASBA for Beni Hydropower Project Limited...
[Shova Maharjan] Navigating to MY ASBA for Beni Hydropower Project Limited...
[Shova Maharjan] Extracting status for Beni Hydropower Project Limited...
[Macha raja Maharjan] Extracting status for Beni Hydropower Project Limited...
[Shova Maharjan] Status for Beni Hydropower Project Limited: Not Alloted
[Macha raja Maharjan] Status for Beni Hydropower Project Limited: Not Alloted
Error sending Telegram notification: TypeError: fetch failed
    at node:internal/deps/undici/undici:14902:13
    at processTicksAndRejections (node:internal/process/task_queues:105:5)
    at async sendTelegramNotification (/home/yogen/Desktop/workspace/playwrite/meroshare/notificationService.ts:27:22)
    at async /home/yogen/Desktop/workspace/playwrite/meroshare/checkStatus.ts:176:25 {
  [cause]: AggregateError
      at internalConnectMultiple (node:net:1134:18)
      at internalConnectMultiple (node:net:1210:5)
      at Timeout.internalConnectMultipleTimeout (node:net:1742:5)
      at listOnTimeout (node:internal/timers:590:11)
      at processTimers (node:internal/timers:523:7) {
    code: 'ETIMEDOUT',
    [errors]: [ [Error], [Error] ]
  }
}
[Adil Maharjan] Navigating to Meroshare...
Error sending Telegram notification: TypeError: fetch failed
    at node:internal/deps/undici/undici:14902:13
    at processTicksAndRejections (node:internal/process/task_queues:105:5)
    at async sendTelegramNotification (/home/yogen/Desktop/workspace/playwrite/meroshare/notificationService.ts:27:22)
    at async /home/yogen/Desktop/workspace/playwrite/meroshare/checkStatus.ts:176:25 {
  [cause]: AggregateError
      at internalConnectMultiple (node:net:1134:18)
      at internalConnectMultiple (node:net:1210:5)
      at Timeout.internalConnectMultipleTimeout (node:net:1742:5)
      at listOnTimeout (node:internal/timers:590:11)
      at processTimers (node:internal/timers:523:7) {
    code: 'ETIMEDOUT',
    [errors]: [ [Error], [Error] ]
  }
}
[Yogen Maharjan] Navigating to Meroshare...
Failed execution for user Adil Maharjan: page.goto: Timeout 30000ms exceeded.
Call log:
  - navigating to "https://meroshare.cdsc.com.np/", waiting until "networkidle"

    at login (/home/yogen/Desktop/workspace/playwrite/meroshare/checkStatus.ts:46:20)
    at /home/yogen/Desktop/workspace/playwrite/meroshare/checkStatus.ts:122:23 {
  name: 'TimeoutError'
}
Failed execution for user Yogen Maharjan: page.goto: Timeout 30000ms exceeded.
Call log:
  - navigating to "https://meroshare.cdsc.com.np/", waiting until "networkidle"

    at login (/home/yogen/Desktop/workspace/playwrite/meroshare/checkStatus.ts:46:20)
    at /home/yogen/Desktop/workspace/playwrite/meroshare/checkStatus.ts:122:23 {
  name: 'TimeoutError'
}
All status checks completed.
CHECK_STATUS process completed.
[Network Warning] Transient error encountered: fetch failed. Retrying in 2s...

> meroshare@1.0.0 watch-sheets
> npx ts-node --compiler-options '{"module":"commonjs","esModuleInterop":true}' syncService.ts

◇ injected env (9) from .env // tip: ⌘ override existing { override: true }
◇ injected env (0) from .env // tip: ⌘ override existing { override: true }
◇ injected env (0) from .env // tip: ⌘ multiple files { path: ['.env.local', '.env'] }
◇ injected env (0) from .env // tip: ⌘ enable debugging { debug: true }
◇ injected env (0) from .env // tip: ◈ encrypted .env [www.dotenvx.com]
◇ injected env (0) from .env // tip: ⌘ enable debugging { debug: true }
Starting Google Sheets Sync Service...
Connected to Spreadsheet: share info
NEPSE scraper scheduled to run every day at 00 01 11 * * * and 0 05 16 * * *.
Scheduled Promoter Unlock (daily at 35 11 * * *) and Fundamental Data (40 11 * * *) scrapers.
Polling Google Sheets every 30 seconds...
[9/22/2026, 10:24:26 AM] Scheduled time '2026-05-27 11:01:02' is in the past. Will not schedule.
Detected command: CHECK_STATUS. Starting process...
[CHECK_STATUS] Found 10 total users in sheet; 4 user(s) have Column L set to TRUE.
Starting status check with concurrency limit: 2
[Shova Maharjan] Navigating to Meroshare...
[Macha raja Maharjan] Navigating to Meroshare...
[Macha raja Maharjan] White screen or failed to load. Reloading...
[Shova Maharjan] White screen or failed to load. Reloading...
[Macha raja Maharjan] Logging in...
[Shova Maharjan] Logging in...
[Shova Maharjan] Navigating to MY ASBA for Beni Hydropower Project Limited...
[Macha raja Maharjan] Navigating to MY ASBA for Beni Hydropower Project Limited...
[Shova Maharjan] Extracting status for Beni Hydropower Project Limited...
[Macha raja Maharjan] Extracting status for Beni Hydropower Project Limited...
[Shova Maharjan] Status for Beni Hydropower Project Limited: Not Alloted
[Macha raja Maharjan] Status for Beni Hydropower Project Limited: Not Alloted
Error sending Telegram notification: TypeError: fetch failed
    at node:internal/deps/undici/undici:14902:13
    at processTicksAndRejections (node:internal/process/task_queues:105:5)
    at runNextTicks (node:internal/process/task_queues:69:3)
    at listOnTimeout (node:internal/timers:549:9)
    at processTimers (node:internal/timers:523:7)
    at async sendTelegramNotification (/home/yogen/Desktop/workspace/playwrite/meroshare/notificationService.ts:27:22)
    at async /home/yogen/Desktop/workspace/playwrite/meroshare/checkStatus.ts:239:25 {
  [cause]: AggregateError
      at internalConnectMultiple (node:net:1134:18)
      at internalConnectMultiple (node:net:1210:5)
      at Timeout.internalConnectMultipleTimeout (node:net:1742:5)
      at listOnTimeout (node:internal/timers:590:11)
      at processTimers (node:internal/timers:523:7) {
    code: 'ETIMEDOUT',
    [errors]: [ [Error], [Error] ]
  }
}
Error sending Telegram notification: TypeError: fetch failed
    at node:internal/deps/undici/undici:14902:13
    at processTicksAndRejections (node:internal/process/task_queues:105:5)
    at async sendTelegramNotification (/home/yogen/Desktop/workspace/playwrite/meroshare/notificationService.ts:27:22)
    at async /home/yogen/Desktop/workspace/playwrite/meroshare/checkStatus.ts:239:25 {
  [cause]: AggregateError
      at internalConnectMultiple (node:net:1134:18)
      at internalConnectMultiple (node:net:1210:5)
      at Timeout.internalConnectMultipleTimeout (node:net:1742:5)
      at listOnTimeout (node:internal/timers:590:11)
      at processTimers (node:internal/timers:523:7) {
    code: 'ETIMEDOUT',
    [errors]: [ [Error], [Error] ]
  }
}
[Adil Maharjan] Navigating to Meroshare...
[Yogen Maharjan] Navigating to Meroshare...
[Yogen Maharjan] White screen or failed to load. Reloading...
[Adil Maharjan] White screen or failed to load. Reloading...
[Yogen Maharjan] Logging in...
[Adil Maharjan] Logging in...
[Yogen Maharjan] Navigating to MY ASBA for Beni Hydropower Project Limited...
[Adil Maharjan] Navigating to MY ASBA for Beni Hydropower Project Limited...
[Yogen Maharjan] Stock not found in list: Beni Hydropower Project Limited
[Adil Maharjan] Stock not found in list: Beni Hydropower Project Limited
All status checks completed.
CHECK_STATUS process completed.

> meroshare@1.0.0 watch-sheets
> npx ts-node --compiler-options '{"module":"commonjs","esModuleInterop":true}' syncService.ts

◇ injected env (9) from .env // tip: ⌘ enable debugging { debug: true }
◇ injected env (0) from .env // tip: ⌘ override existing { override: true }
◇ injected env (0) from .env // tip: ⌘ override existing { override: true }
◇ injected env (0) from .env // tip: ⌁ auth for agents [www.vestauth.com]
◇ injected env (0) from .env // tip: ⌘ override existing { override: true }
◇ injected env (0) from .env // tip: ⌘ suppress logs { quiet: true }
Starting Google Sheets Sync Service...
Connected to Spreadsheet: share info
Telegram notification sent successfully.
NEPSE scraper scheduled to run every day at 00 01 11 * * * and 0 05 16 * * *.
Scheduled Promoter Unlock (daily at 35 11 * * *) and Fundamental Data (40 11 * * *) scrapers.
Polling Google Sheets every 30 seconds...
[9/22/2026, 10:41:17 AM] Scheduled time '2026-05-27 11:01:02' is in the past. Will not schedule.
Detected command: CHECK_STATUS. Starting process...
[CHECK_STATUS] Found 10 total users in sheet; 4 user(s) have Column L set to TRUE.
Starting status check with concurrency limit: 2
[Shova Maharjan] Navigating to Meroshare...
[Macha raja Maharjan] Navigating to Meroshare...
[Macha raja Maharjan] White screen or failed to load. Reloading...
[Shova Maharjan] Logging in...
[Macha raja Maharjan] Logging in...
[Shova Maharjan] Navigating to MY ASBA for Beni Hydropower Project Limited...
[Macha raja Maharjan] Navigating to MY ASBA for Beni Hydropower Project Limited...
[Shova Maharjan] Extracting status for Beni Hydropower Project Limited...
[Shova Maharjan] Status for Beni Hydropower Project Limited: Not Alloted
[Macha raja Maharjan] Extracting status for Beni Hydropower Project Limited...
Telegram notification sent successfully.
[Adil Maharjan] Navigating to Meroshare...
[Macha raja Maharjan] Status for Beni Hydropower Project Limited: Not Alloted
Telegram notification sent successfully.
[Yogen Maharjan] Navigating to Meroshare...
[Adil Maharjan] Logging in...
[Yogen Maharjan] Logging in...
[Adil Maharjan] Navigating to MY ASBA for Beni Hydropower Project Limited...
[Yogen Maharjan] Navigating to MY ASBA for Beni Hydropower Project Limited...
[Adil Maharjan] Stock not found in list: Beni Hydropower Project Limited
[Network Warning] Transient error encountered: fetch failed. Retrying in 2s...
[Network Warning] Transient error encountered: fetch failed. Retrying in 4s...
[Yogen Maharjan] Stock not found in list: Beni Hydropower Project Limited
[Network Warning] Transient error encountered: fetch failed. Retrying in 2s...
[Network Warning] Transient error encountered: fetch failed. Retrying in 8s...
[Network Warning] Transient error encountered: fetch failed. Retrying in 4s...
[Network Warning] Transient error encountered: fetch failed. Retrying in 8s...
Failed execution for user Adil Maharjan: fetch failed
Error sending Telegram notification: getaddrinfo EAI_AGAIN api.telegram.org
[Network Warning] Transient error encountered: fetch failed. Retrying in 2s...
[Network Warning] Transient error encountered: fetch failed. Retrying in 4s...
Failed execution for user Yogen Maharjan: fetch failed
Error sending Telegram notification: getaddrinfo EAI_AGAIN api.telegram.org
[Network Warning] Transient error encountered: fetch failed. Retrying in 2s...
[Network Warning] Transient error encountered: fetch failed. Retrying in 8s...
[Network Warning] Transient error encountered: fetch failed. Retrying in 4s...
[Network Warning] Transient error encountered: fetch failed. Retrying in 8s...
All status checks completed.
[Network Warning] Transient error encountered: fetch failed. Retrying in 2s...
[Network Warning] Transient error encountered: fetch failed. Retrying in 4s...
CHECK_STATUS process completed.
Telegram notification sent successfully.
[Network Warning] Transient error encountered: fetch failed. Retrying in 2s...
[Network Warning] Transient error encountered: fetch failed. Retrying in 4s...
Exception ignored in: <function tail_f_producer.__del__ at 0x75d13b7067a0>
Traceback (most recent call last):
  File "/usr/lib/python3/dist-packages/supervisor/http.py", line 649, in __del__
    self._close()
  File "/usr/lib/python3/dist-packages/supervisor/http.py", line 675, in _close
    self.file.close()
OSError: [Errno 9] Bad file descriptor
Exception ignored in: <function tail_f_producer.__del__ at 0x75d13b7067a0>
Traceback (most recent call last):
  File "/usr/lib/python3/dist-packages/supervisor/http.py", line 649, in __del__
    self._close()
  File "/usr/lib/python3/dist-packages/supervisor/http.py", line 675, in _close
    self.file.close()
OSError: [Errno 9] Bad file descriptor

> meroshare@1.0.0 watch-sheets
> npx ts-node --compiler-options '{"module":"commonjs","esModuleInterop":true}' syncService.ts

◇ injected env (9) from .env // tip: ⌁ auth for agents [www.vestauth.com]
◇ injected env (0) from .env // tip: ⌘ multiple files { path: ['.env.local', '.env'] }
◇ injected env (0) from .env // tip: ⌘ override existing { override: true }
◇ injected env (0) from .env // tip: ⌘ suppress logs { quiet: true }
◇ injected env (0) from .env // tip: ⌘ enable debugging { debug: true }
◇ injected env (0) from .env // tip: ◈ secrets for agents [www.dotenvx.com]
Starting Google Sheets Sync Service...
Connected to Spreadsheet: share info
[Notification Queue] Enqueued message 1790053603909_mvzpt1 to disk.
[Notification Queue] Processing 1 queued message(s)...
[Notification Queue] Message 1790053603909_mvzpt1 delivered successfully.
NEPSE scraper scheduled to run every day at 00 01 11 * * * and 0 05 16 * * *.
Scheduled Promoter Unlock (daily at 35 11 * * *) and Fundamental Data (40 11 * * *) scrapers.
Polling Google Sheets every 30 seconds...
[9/22/2026, 10:51:45 AM] Scheduled time '2026-05-27 11:01:02' is in the past. Will not schedule.
Detected command: CHECK_STATUS. Starting process...
[CHECK_STATUS] Found 10 total users in sheet; 4 user(s) have Column L set to TRUE.
Starting status check with concurrency limit: 2
[Shova Maharjan] Navigating to Meroshare...
[Macha raja Maharjan] Navigating to Meroshare...
[Macha raja Maharjan] White screen or failed to load. Reloading...
[Shova Maharjan] White screen or failed to load. Reloading...
[Macha raja Maharjan] Logging in...
[Shova Maharjan] Logging in...
[Macha raja Maharjan] Navigating to MY ASBA for Beni Hydropower Project Limited...
[Shova Maharjan] Navigating to MY ASBA for Beni Hydropower Project Limited...
[Macha raja Maharjan] Extracting status for Beni Hydropower Project Limited...
[Shova Maharjan] Extracting status for Beni Hydropower Project Limited...
[Macha raja Maharjan] Status for Beni Hydropower Project Limited: Not Alloted
[Notification Queue] Enqueued message 1790053668307_z600ws to disk.
[Notification Queue] Processing 1 queued message(s)...
[Shova Maharjan] Status for Beni Hydropower Project Limited: Not Alloted
[Notification Queue] Message 1790053668307_z600ws delivered successfully.
[Adil Maharjan] Navigating to Meroshare...
[Notification Queue] Enqueued message 1790053669978_st51n8 to disk.
[Notification Queue] Processing 1 queued message(s)...
[Notification Queue] Message 1790053669978_st51n8 delivered successfully.
[Yogen Maharjan] Navigating to Meroshare...
[Yogen Maharjan] White screen or failed to load. Reloading...
[Adil Maharjan] Logging in...
[Yogen Maharjan] Logging in...
[Adil Maharjan] Navigating to MY ASBA for Beni Hydropower Project Limited...
Failed execution for user Yogen Maharjan: Login failed: Invalid credentials or session error for 243878
[Notification Queue] Enqueued message 1790053686102_7ytx4e to disk.
[Notification Queue] Processing 1 queued message(s)...
[Notification Queue] Network is offline/unreachable (getaddrinfo EAI_AGAIN api.telegram.org). Halting queue flush. Message 1790053686102_7ytx4e will be retried when connection recovers.
[Network Warning] Transient error encountered: fetch failed. Retrying in 2s...
[Network Warning] Transient error encountered: fetch failed. Retrying in 4s...
[Network Warning] Transient error encountered: fetch failed. Retrying in 8s...
[Notification Queue] Background worker detected 1 pending message(s). Attempting delivery...
[Notification Queue] Processing 1 queued message(s)...
[Notification Queue] Network is offline/unreachable (getaddrinfo EAI_AGAIN api.telegram.org). Halting queue flush. Message 1790053686102_7ytx4e will be retried when connection recovers.
Failed execution for user Adil Maharjan: Operation timed out waiting for element or response
[Notification Queue] Enqueued message 1790053697880_41c5t2 to disk.
[Notification Queue] Processing 2 queued message(s)...
[Notification Queue] Network is offline/unreachable (getaddrinfo EAI_AGAIN api.telegram.org). Halting queue flush. Message 1790053686102_7ytx4e will be retried when connection recovers.
[Network Warning] Transient error encountered: fetch failed. Retrying in 2s...
[Network Warning] Transient error encountered: fetch failed. Retrying in 4s...
[Network Warning] Transient error encountered: fetch failed. Retrying in 8s...
All status checks completed.
[Network Warning] Transient error encountered: fetch failed. Retrying in 2s...
[Network Warning] Transient error encountered: fetch failed. Retrying in 4s...
[Network Warning] Transient error encountered: fetch failed. Retrying in 8s...
[Notification Queue] Background worker detected 2 pending message(s). Attempting delivery...
[Notification Queue] Processing 2 queued message(s)...
[Notification Queue] Message 1790053686102_7ytx4e delivered successfully.
[Notification Queue] Message 1790053697880_41c5t2 delivered successfully.
CHECK_STATUS process completed.
[Notification Queue] Enqueued message 1790053728039_0mw2oo to disk.
[Notification Queue] Processing 1 queued message(s)...
[Notification Queue] Message 1790053728039_0mw2oo delivered successfully.
[9/22/2026, 11:10:55 AM] Starting NEPSE scraper...
[9/22/2026, 11:10:55 AM] NEPSE scraper attempt 1/3...
Navigating to https://www.nepalstock.com/ ...
Waiting for element...
Browser closed.
Extracted Value: Live Market
Connecting to Google Sheets...
Connected to Document: share info
Successfully saved "Live Market" to 'Report' sheet at B1.
[Network Warning] Transient error encountered: fetch failed. Retrying in 2s...
